DATAFLOW,LAST UPDATE,freq,mot_nrg,vehicle,unit,geo,TIME_PERIOD,OBS_VALUE,OBS_FLAG
ESTAT:ROAD_EQS_ZEV(1.0),12/09/24 23:00:00,A,TOTAL,CAR,NR,AT,2014,3389,
ESTAT:ROAD_EQS_ZEV(1.0),12/09/24 23:00:00,A,TOTAL,CAR,NR,AT,2015,5038,
ESTAT:ROAD_EQS_ZEV(1.0),12/09/24 23:00:00,A,TOTAL,CAR,NR,AT,2016,9086,
ESTAT:ROAD_EQS_ZEV(1.0),12/09/24 23:00:00,A,TOTAL,CAR,NR,AT,2017,14637,
ESTAT:ROAD_EQS_ZEV(1.0),12/09/24 23:00:00,A,TOTAL,CAR,NR,AT,2018,20855,
ESTAT:ROAD_EQS_ZEV(1.0),12/09/24 23:00:00,A,TOTAL,CAR,NR,AT,2019,29564,
ESTAT:ROAD_EQS_ZEV(1.0),12/09/24 23:00:00,A,TOTAL,CAR,NR,AT,2020,44552,
ESTAT:ROAD_EQS_ZEV(1.0),12/09/24 23:00:00,A,TOTAL,CAR,NR,AT,2021,76594,
ESTAT:ROAD_EQS_ZEV(1.0),12/09/24 23:00:00,A,TOTAL,CAR,NR,AT,2022,110287,
ESTAT:ROAD_EQS_ZEV(1.0),12/09/24 23:00:00,A,TOTAL,CAR,NR,AT,2023,155557,
ESTAT:ROAD_EQS_ZEV(1.0),12/09/24 23:00:00,A,TOTAL,CAR,NR,BE,2014,2240,
ESTAT:ROAD_EQS_ZEV(1.0),12/09/24 23:00:00,A,TOTAL,CAR,NR,BE,2015,3319,
ESTAT:ROAD_EQS_ZEV(1.0),12/09/24 23:00:00,A,TOTAL,CAR,NR,BE,2016,5212,
ESTAT:ROAD_EQS_ZEV(1.0),12/09/24 23:00:00,A,TOTAL,CAR,NR,BE,2017,7562,
ESTAT:ROAD_EQS_ZEV(1.0),12/09/24 23:00:00,A,TOTAL,CAR,NR,BE,2018,10901,
ESTAT:ROAD_EQS_ZEV(1.0),12/09/24 23:00:00,A,TOTAL,CAR,NR,BE,2019,18733,
ESTAT:ROAD_EQS_ZEV(1.0),12/09/24 23:00:00,A,TOTAL,CAR,NR,BE,2020,31793,
ESTAT:ROAD_EQS_ZEV(1.0),12/09/24 23:00:00,A,TOTAL,CAR,NR,BE,2021,52396,
ESTAT:ROAD_EQS_ZEV(1.0),12/09/24 23:00:00,A,TOTAL,CAR,NR,BE,2022,89839,
ESTAT:ROAD_EQS_ZEV(1.0),12/09/24 23:00:00,A,TOTAL,CAR,NR,BE,2023,181476,
ESTAT:ROAD_EQS_ZEV(1.0),12/09/24 23:00:00,A,TOTAL,CAR,NR,BG,2014,147,s
ESTAT:ROAD_EQS_ZEV(1.0),12/09/24 23:00:00,A,TOTAL,CAR,NR,BG,2015,183,s
ESTAT:ROAD_EQS_ZEV(1.0),12/09/24 23:00:00,A,TOTAL,CAR,NR,BG,2016,215,s
ESTAT:ROAD_EQS_ZEV(1.0),12/09/24 23:00:00,A,TOTAL,CAR,NR,BG,2017,384,s
ESTAT:ROAD_EQS_ZEV(1.0),12/09/24 23:00:00,A,TOTAL,CAR,NR,BG,2018,710,
ESTAT:ROAD_EQS_ZEV(1.0),12/09/24 23:00:00,A,TOTAL,CAR,NR,BG,2019,1185,s
ESTAT:ROAD_EQS_ZEV(1.0),12/09/24 23:00:00,A,TOTAL,CAR,NR,BG,2020,1933,s
ESTAT:ROAD_EQS_ZEV(1.0),12/09/24 23:00:00,A,TOTAL,CAR,NR,BG,2021,3369,s
ESTAT:ROAD_EQS_ZEV(1.0),12/09/24 23:00:00,A,TOTAL,CAR,NR,BG,2022,6293,s
ESTAT:ROAD_EQS_ZEV(1.0),12/09/24 23:00:00,A,TOTAL,CAR,NR,BG,2023,11473,s
ESTAT:ROAD_EQS_ZEV(1.0),12/09/24 23:00:00,A,TOTAL,CAR,NR,CY,2014,15,
ESTAT:ROAD_EQS_ZEV(1.0),12/09/24 23:00:00,A,TOTAL,CAR,NR,CY,2015,23,
ESTAT:ROAD_EQS_ZEV(1.0),12/09/24 23:00:00,A,TOTAL,CAR,NR,CY,2016,40,
ESTAT:ROAD_EQS_ZEV(1.0),12/09/24 23:00:00,A,TOTAL,CAR,NR,CY,2017,87,
ESTAT:ROAD_EQS_ZEV(1.0),12/09/24 23:00:00,A,TOTAL,CAR,NR,CY,2018,114,
ESTAT:ROAD_EQS_ZEV(1.0),12/09/24 23:00:00,A,TOTAL,CAR,NR,CY,2019,167,
ESTAT:ROAD_EQS_ZEV(1.0),12/09/24 23:00:00,A,TOTAL,CAR,NR,CY,2020,240,
ESTAT:ROAD_EQS_ZEV(1.0),12/09/24 23:00:00,A,TOTAL,CAR,NR,CY,2021,333,
ESTAT:ROAD_EQS_ZEV(1.0),12/09/24 23:00:00,A,TOTAL,CAR,NR,CY,2022,830,
ESTAT:ROAD_EQS_ZEV(1.0),12/09/24 23:00:00,A,TOTAL,CAR,NR,CY,2023,1253,s
ESTAT:ROAD_EQS_ZEV(1.0),12/09/24 23:00:00,A,TOTAL,CAR,NR,CZ,2014,417,s
ESTAT:ROAD_EQS_ZEV(1.0),12/09/24 23:00:00,A,TOTAL,CAR,NR,CZ,2015,713,s
ESTAT:ROAD_EQS_ZEV(1.0),12/09/24 23:00:00,A,TOTAL,CAR,NR,CZ,2016,974,s
ESTAT:ROAD_EQS_ZEV(1.0),12/09/24 23:00:00,A,TOTAL,CAR,NR,CZ,2017,1525,s
ESTAT:ROAD_EQS_ZEV(1.0),12/09/24 23:00:00,A,TOTAL,CAR,NR,CZ,2018,3405,s
ESTAT:ROAD_EQS_ZEV(1.0),12/09/24 23:00:00,A,TOTAL,CAR,NR,CZ,2019,4950,
ESTAT:ROAD_EQS_ZEV(1.0),12/09/24 23:00:00,A,TOTAL,CAR,NR,CZ,2020,8110,
ESTAT:ROAD_EQS_ZEV(1.0),12/09/24 23:00:00,A,TOTAL,CAR,NR,CZ,2021,9057,
ESTAT:ROAD_EQS_ZEV(1.0),12/09/24 23:00:00,A,TOTAL,CAR,NR,CZ,2022,14207,
ESTAT:ROAD_EQS_ZEV(1.0),12/09/24 23:00:00,A,TOTAL,CAR,NR,CZ,2023,22469,
ESTAT:ROAD_EQS_ZEV(1.0),12/09/24 23:00:00,A,TOTAL,CAR,NR,DE,2014,19010,s
ESTAT:ROAD_EQS_ZEV(1.0),12/09/24 23:00:00,A,TOTAL,CAR,NR,DE,2015,26096,s
ESTAT:ROAD_EQS_ZEV(1.0),12/09/24 23:00:00,A,TOTAL,CAR,NR,DE,2016,34167,s
ESTAT:ROAD_EQS_ZEV(1.0),12/09/24 23:00:00,A,TOTAL,CAR,NR,DE,2017,54243,
ESTAT:ROAD_EQS_ZEV(1.0),12/09/24 23:00:00,A,TOTAL,CAR,NR,DE,2018,83606,
ESTAT:ROAD_EQS_ZEV(1.0),12/09/24 23:00:00,A,TOTAL,CAR,NR,DE,2019,137193,
ESTAT:ROAD_EQS_ZEV(1.0),12/09/24 23:00:00,A,TOTAL,CAR,NR,DE,2020,309959,
ESTAT:ROAD_EQS_ZEV(1.0),12/09/24 23:00:00,A,TOTAL,CAR,NR,DE,2021,619753,
ESTAT:ROAD_EQS_ZEV(1.0),12/09/24 23:00:00,A,TOTAL,CAR,NR,DE,2022,1015080,
ESTAT:ROAD_EQS_ZEV(1.0),12/09/24 23:00:00,A,TOTAL,CAR,NR,DE,2023,1410887,
ESTAT:ROAD_EQS_ZEV(1.0),12/09/24 23:00:00,A,TOTAL,CAR,NR,DK,2014,2934,
ESTAT:ROAD_EQS_ZEV(1.0),12/09/24 23:00:00,A,TOTAL,CAR,NR,DK,2015,7942,
ESTAT:ROAD_EQS_ZEV(1.0),12/09/24 23:00:00,A,TOTAL,CAR,NR,DK,2016,8731,
ESTAT:ROAD_EQS_ZEV(1.0),12/09/24 23:00:00,A,TOTAL,CAR,NR,DK,2017,8849,
ESTAT:ROAD_EQS_ZEV(1.0),12/09/24 23:00:00,A,TOTAL,CAR,NR,DK,2018,10121,
ESTAT:ROAD_EQS_ZEV(1.0),12/09/24 23:00:00,A,TOTAL,CAR,NR,DK,2019,15581,
ESTAT:ROAD_EQS_ZEV(1.0),12/09/24 23:00:00,A,TOTAL,CAR,NR,DK,2020,31999,
ESTAT:ROAD_EQS_ZEV(1.0),12/09/24 23:00:00,A,TOTAL,CAR,NR,DK,2021,66783,
ESTAT:ROAD_EQS_ZEV(1.0),12/09/24 23:00:00,A,TOTAL,CAR,NR,DK,2022,112821,
ESTAT:ROAD_EQS_ZEV(1.0),12/09/24 23:00:00,A,TOTAL,CAR,NR,DK,2023,200152,
ESTAT:ROAD_EQS_ZEV(1.0),12/09/24 23:00:00,A,TOTAL,CAR,NR,EE,2014,1067,s
ESTAT:ROAD_EQS_ZEV(1.0),12/09/24 23:00:00,A,TOTAL,CAR,NR,EE,2015,1116,s
ESTAT:ROAD_EQS_ZEV(1.0),12/09/24 23:00:00,A,TOTAL,CAR,NR,EE,2016,1156,s
ESTAT:ROAD_EQS_ZEV(1.0),12/09/24 23:00:00,A,TOTAL,CAR,NR,EE,2017,1191,s
ESTAT:ROAD_EQS_ZEV(1.0),12/09/24 23:00:00,A,TOTAL,CAR,NR,EE,2018,1254,s
ESTAT:ROAD_EQS_ZEV(1.0),12/09/24 23:00:00,A,TOTAL,CAR,NR,EE,2019,1382,s
ESTAT:ROAD_EQS_ZEV(1.0),12/09/24 23:00:00,A,TOTAL,CAR,NR,EE,2020,1773,s
ESTAT:ROAD_EQS_ZEV(1.0),12/09/24 23:00:00,A,TOTAL,CAR,NR,EE,2021,2457,s
ESTAT:ROAD_EQS_ZEV(1.0),12/09/24 23:00:00,A,TOTAL,CAR,NR,EE,2022,3463,s
ESTAT:ROAD_EQS_ZEV(1.0),12/09/24 23:00:00,A,TOTAL,CAR,NR,EE,2023,5799,s
ESTAT:ROAD_EQS_ZEV(1.0),12/09/24 23:00:00,A,TOTAL,CAR,NR,EL,2014,45,s
ESTAT:ROAD_EQS_ZEV(1.0),12/09/24 23:00:00,A,TOTAL,CAR,NR,EL,2015,84,s
ESTAT:ROAD_EQS_ZEV(1.0),12/09/24 23:00:00,A,TOTAL,CAR,NR,EL,2016,114,s
ESTAT:ROAD_EQS_ZEV(1.0),12/09/24 23:00:00,A,TOTAL,CAR,NR,EL,2017,148,s
ESTAT:ROAD_EQS_ZEV(1.0),12/09/24 23:00:00,A,TOTAL,CAR,NR,EL,2018,215,s
ESTAT:ROAD_EQS_ZEV(1.0),12/09/24 23:00:00,A,TOTAL,CAR,NR,EL,2019,426,s
ESTAT:ROAD_EQS_ZEV(1.0),12/09/24 23:00:00,A,TOTAL,CAR,NR,EL,2020,1104,s
ESTAT:ROAD_EQS_ZEV(1.0),12/09/24 23:00:00,A,TOTAL,CAR,NR,EL,2021,3280,s
ESTAT:ROAD_EQS_ZEV(1.0),12/09/24 23:00:00,A,TOTAL,CAR,NR,EL,2022,6306,s
ESTAT:ROAD_EQS_ZEV(1.0),12/09/24 23:00:00,A,TOTAL,CAR,NR,EL,2023,12315,s
ESTAT:ROAD_EQS_ZEV(1.0),12/09/24 23:00:00,A,TOTAL,CAR,NR,ES,2014,2834,
ESTAT:ROAD_EQS_ZEV(1.0),12/09/24 23:00:00,A,TOTAL,CAR,NR,ES,2015,5245,
ESTAT:ROAD_EQS_ZEV(1.0),12/09/24 23:00:00,A,TOTAL,CAR,NR,ES,2016,5756,
ESTAT:ROAD_EQS_ZEV(1.0),12/09/24 23:00:00,A,TOTAL,CAR,NR,ES,2017,15326,
ESTAT:ROAD_EQS_ZEV(1.0),12/09/24 23:00:00,A,TOTAL,CAR,NR,ES,2018,15866,
ESTAT:ROAD_EQS_ZEV(1.0),12/09/24 23:00:00,A,TOTAL,CAR,NR,ES,2019,26199,
ESTAT:ROAD_EQS_ZEV(1.0),12/09/24 23:00:00,A,TOTAL,CAR,NR,ES,2020,43212,
ESTAT:ROAD_EQS_ZEV(1.0),12/09/24 23:00:00,A,TOTAL,CAR,NR,ES,2021,66103,
ESTAT:ROAD_EQS_ZEV(1.0),12/09/24 23:00:00,A,TOTAL,CAR,NR,ES,2022,95705,
ESTAT:ROAD_EQS_ZEV(1.0),12/09/24 23:00:00,A,TOTAL,CAR,NR,ES,2023,150315,
ESTAT:ROAD_EQS_ZEV(1.0),12/09/24 23:00:00,A,TOTAL,CAR,NR,EU27_2020,2014,76338,s
ESTAT:ROAD_EQS_ZEV(1.0),12/09/24 23:00:00,A,TOTAL,CAR,NR,EU27_2020,2015,120315,s
ESTAT:ROAD_EQS_ZEV(1.0),12/09/24 23:00:00,A,TOTAL,CAR,NR,EU27_2020,2016,168601,s
ESTAT:ROAD_EQS_ZEV(1.0),12/09/24 23:00:00,A,TOTAL,CAR,NR,EU27_2020,2017,252395,s
ESTAT:ROAD_EQS_ZEV(1.0),12/09/24 23:00:00,A,TOTAL,CAR,NR,EU27_2020,2018,358091,s
ESTAT:ROAD_EQS_ZEV(1.0),12/09/24 23:00:00,A,TOTAL,CAR,NR,EU27_2020,2019,591372,s
ESTAT:ROAD_EQS_ZEV(1.0),12/09/24 23:00:00,A,TOTAL,CAR,NR,EU27_2020,2020,1094948,s
ESTAT:ROAD_EQS_ZEV(1.0),12/09/24 23:00:00,A,TOTAL,CAR,NR,EU27_2020,2021,1943018,s
ESTAT:ROAD_EQS_ZEV(1.0),12/09/24 23:00:00,A,TOTAL,CAR,NR,EU27_2020,2022,3018784,s
ESTAT:ROAD_EQS_ZEV(1.0),12/09/24 23:00:00,A,TOTAL,CAR,NR,EU27_2020,2023,4483424,s
ESTAT:ROAD_EQS_ZEV(1.0),12/09/24 23:00:00,A,TOTAL,CAR,NR,FI,2014,386,
ESTAT:ROAD_EQS_ZEV(1.0),12/09/24 23:00:00,A,TOTAL,CAR,NR,FI,2015,657,
ESTAT:ROAD_EQS_ZEV(1.0),12/09/24 23:00:00,A,TOTAL,CAR,NR,FI,2016,890,
ESTAT:ROAD_EQS_ZEV(1.0),12/09/24 23:00:00,A,TOTAL,CAR,NR,FI,2017,1539,
ESTAT:ROAD_EQS_ZEV(1.0),12/09/24 23:00:00,A,TOTAL,CAR,NR,FI,2018,2501,
ESTAT:ROAD_EQS_ZEV(1.0),12/09/24 23:00:00,A,TOTAL,CAR,NR,FI,2019,4831,
ESTAT:ROAD_EQS_ZEV(1.0),12/09/24 23:00:00,A,TOTAL,CAR,NR,FI,2020,9960,
ESTAT:ROAD_EQS_ZEV(1.0),12/09/24 23:00:00,A,TOTAL,CAR,NR,FI,2021,23499,
ESTAT:ROAD_EQS_ZEV(1.0),12/09/24 23:00:00,A,TOTAL,CAR,NR,FI,2022,46586,
ESTAT:ROAD_EQS_ZEV(1.0),12/09/24 23:00:00,A,TOTAL,CAR,NR,FI,2023,86013,s
ESTAT:ROAD_EQS_ZEV(1.0),12/09/24 23:00:00,A,TOTAL,CAR,NR,FR,2014,25963,
ESTAT:ROAD_EQS_ZEV(1.0),12/09/24 23:00:00,A,TOTAL,CAR,NR,FR,2015,41926,
ESTAT:ROAD_EQS_ZEV(1.0),12/09/24 23:00:00,A,TOTAL,CAR,NR,FR,2016,61375,
ESTAT:ROAD_EQS_ZEV(1.0),12/09/24 23:00:00,A,TOTAL,CAR,NR,FR,2017,82573,
ESTAT:ROAD_EQS_ZEV(1.0),12/09/24 23:00:00,A,TOTAL,CAR,NR,FR,2018,106612,
ESTAT:ROAD_EQS_ZEV(1.0),12/09/24 23:00:00,A,TOTAL,CAR,NR,FR,2019,141542,
ESTAT:ROAD_EQS_ZEV(1.0),12/09/24 23:00:00,A,TOTAL,CAR,NR,FR,2020,245444,
ESTAT:ROAD_EQS_ZEV(1.0),12/09/24 23:00:00,A,TOTAL,CAR,NR,FR,2021,403707,
ESTAT:ROAD_EQS_ZEV(1.0),12/09/24 23:00:00,A,TOTAL,CAR,NR,FR,2022,596354,
ESTAT:ROAD_EQS_ZEV(1.0),12/09/24 23:00:00,A,TOTAL,CAR,NR,FR,2023,916696,s
ESTAT:ROAD_EQS_ZEV(1.0),12/09/24 23:00:00,A,TOTAL,CAR,NR,HR,2014,39,s
ESTAT:ROAD_EQS_ZEV(1.0),12/09/24 23:00:00,A,TOTAL,CAR,NR,HR,2015,163,
ESTAT:ROAD_EQS_ZEV(1.0),12/09/24 23:00:00,A,TOTAL,CAR,NR,HR,2016,234,
ESTAT:ROAD_EQS_ZEV(1.0),12/09/24 23:00:00,A,TOTAL,CAR,NR,HR,2017,286,
ESTAT:ROAD_EQS_ZEV(1.0),12/09/24 23:00:00,A,TOTAL,CAR,NR,HR,2018,462,
ESTAT:ROAD_EQS_ZEV(1.0),12/09/24 23:00:00,A,TOTAL,CAR,NR,HR,2019,726,
ESTAT:ROAD_EQS_ZEV(1.0),12/09/24 23:00:00,A,TOTAL,CAR,NR,HR,2020,1314,
ESTAT:ROAD_EQS_ZEV(1.0),12/09/24 23:00:00,A,TOTAL,CAR,NR,HR,2021,2977,
ESTAT:ROAD_EQS_ZEV(1.0),12/09/24 23:00:00,A,TOTAL,CAR,NR,HR,2022,4802,
ESTAT:ROAD_EQS_ZEV(1.0),12/09/24 23:00:00,A,TOTAL,CAR,NR,HR,2023,7059,
ESTAT:ROAD_EQS_ZEV(1.0),12/09/24 23:00:00,A,TOTAL,CAR,NR,HU,2014,175,
ESTAT:ROAD_EQS_ZEV(1.0),12/09/24 23:00:00,A,TOTAL,CAR,NR,HU,2015,342,
ESTAT:ROAD_EQS_ZEV(1.0),12/09/24 23:00:00,A,TOTAL,CAR,NR,HU,2016,758,
ESTAT:ROAD_EQS_ZEV(1.0),12/09/24 23:00:00,A,TOTAL,CAR,NR,HU,2017,1996,
ESTAT:ROAD_EQS_ZEV(1.0),12/09/24 23:00:00,A,TOTAL,CAR,NR,HU,2018,3839,
ESTAT:ROAD_EQS_ZEV(1.0),12/09/24 23:00:00,A,TOTAL,CAR,NR,HU,2019,6595,
ESTAT:ROAD_EQS_ZEV(1.0),12/09/24 23:00:00,A,TOTAL,CAR,NR,HU,2020,11012,
ESTAT:ROAD_EQS_ZEV(1.0),12/09/24 23:00:00,A,TOTAL,CAR,NR,HU,2021,18824,
ESTAT:ROAD_EQS_ZEV(1.0),12/09/24 23:00:00,A,TOTAL,CAR,NR,HU,2022,29839,
ESTAT:ROAD_EQS_ZEV(1.0),12/09/24 23:00:00,A,TOTAL,CAR,NR,HU,2023,41215,s
ESTAT:ROAD_EQS_ZEV(1.0),12/09/24 23:00:00,A,TOTAL,CAR,NR,IE,2014,560,s
ESTAT:ROAD_EQS_ZEV(1.0),12/09/24 23:00:00,A,TOTAL,CAR,NR,IE,2015,1120,s
ESTAT:ROAD_EQS_ZEV(1.0),12/09/24 23:00:00,A,TOTAL,CAR,NR,IE,2016,1701,s
ESTAT:ROAD_EQS_ZEV(1.0),12/09/24 23:00:00,A,TOTAL,CAR,NR,IE,2017,2770,s
ESTAT:ROAD_EQS_ZEV(1.0),12/09/24 23:00:00,A,TOTAL,CAR,NR,IE,2018,4610,s
ESTAT:ROAD_EQS_ZEV(1.0),12/09/24 23:00:00,A,TOTAL,CAR,NR,IE,2019,8590,s
ESTAT:ROAD_EQS_ZEV(1.0),12/09/24 23:00:00,A,TOTAL,CAR,NR,IE,2020,12720,s
ESTAT:ROAD_EQS_ZEV(1.0),12/09/24 23:00:00,A,TOTAL,CAR,NR,IE,2021,21440,s
ESTAT:ROAD_EQS_ZEV(1.0),12/09/24 23:00:00,A,TOTAL,CAR,NR,IE,2022,36970,
ESTAT:ROAD_EQS_ZEV(1.0),12/09/24 23:00:00,A,TOTAL,CAR,NR,IE,2023,58633,
ESTAT:ROAD_EQS_ZEV(1.0),12/09/24 23:00:00,A,TOTAL,CAR,NR,IT,2014,3440,s
ESTAT:ROAD_EQS_ZEV(1.0),12/09/24 23:00:00,A,TOTAL,CAR,NR,IT,2015,4595,s
ESTAT:ROAD_EQS_ZEV(1.0),12/09/24 23:00:00,A,TOTAL,CAR,NR,IT,2016,5754,s
ESTAT:ROAD_EQS_ZEV(1.0),12/09/24 23:00:00,A,TOTAL,CAR,NR,IT,2017,7571,s
ESTAT:ROAD_EQS_ZEV(1.0),12/09/24 23:00:00,A,TOTAL,CAR,NR,IT,2018,12167,s
ESTAT:ROAD_EQS_ZEV(1.0),12/09/24 23:00:00,A,TOTAL,CAR,NR,IT,2019,22756,s
ESTAT:ROAD_EQS_ZEV(1.0),12/09/24 23:00:00,A,TOTAL,CAR,NR,IT,2020,53114,s
ESTAT:ROAD_EQS_ZEV(1.0),12/09/24 23:00:00,A,TOTAL,CAR,NR,IT,2021,118079,s
ESTAT:ROAD_EQS_ZEV(1.0),12/09/24 23:00:00,A,TOTAL,CAR,NR,IT,2022,158187,s
ESTAT:ROAD_EQS_ZEV(1.0),12/09/24 23:00:00,A,TOTAL,CAR,NR,IT,2023,219598,
ESTAT:ROAD_EQS_ZEV(1.0),12/09/24 23:00:00,A,TOTAL,CAR,NR,LT,2014,70,s
ESTAT:ROAD_EQS_ZEV(1.0),12/09/24 23:00:00,A,TOTAL,CAR,NR,LT,2015,169,s
ESTAT:ROAD_EQS_ZEV(1.0),12/09/24 23:00:00,A,TOTAL,CAR,NR,LT,2016,358,s
ESTAT:ROAD_EQS_ZEV(1.0),12/09/24 23:00:00,A,TOTAL,CAR,NR,LT,2017,619,s
ESTAT:ROAD_EQS_ZEV(1.0),12/09/24 23:00:00,A,TOTAL,CAR,NR,LT,2018,965,s
ESTAT:ROAD_EQS_ZEV(1.0),12/09/24 23:00:00,A,TOTAL,CAR,NR,LT,2019,1395,
ESTAT:ROAD_EQS_ZEV(1.0),12/09/24 23:00:00,A,TOTAL,CAR,NR,LT,2020,2475,
ESTAT:ROAD_EQS_ZEV(1.0),12/09/24 23:00:00,A,TOTAL,CAR,NR,LT,2021,4831,
ESTAT:ROAD_EQS_ZEV(1.0),12/09/24 23:00:00,A,TOTAL,CAR,NR,LT,2022,7306,
ESTAT:ROAD_EQS_ZEV(1.0),12/09/24 23:00:00,A,TOTAL,CAR,NR,LT,2023,11425,
ESTAT:ROAD_EQS_ZEV(1.0),12/09/24 23:00:00,A,TOTAL,CAR,NR,LU,2014,524,s
ESTAT:ROAD_EQS_ZEV(1.0),12/09/24 23:00:00,A,TOTAL,CAR,NR,LU,2015,580,s
ESTAT:ROAD_EQS_ZEV(1.0),12/09/24 23:00:00,A,TOTAL,CAR,NR,LU,2016,685,s
ESTAT:ROAD_EQS_ZEV(1.0),12/09/24 23:00:00,A,TOTAL,CAR,NR,LU,2017,970,
ESTAT:ROAD_EQS_ZEV(1.0),12/09/24 23:00:00,A,TOTAL,CAR,NR,LU,2018,1338,
ESTAT:ROAD_EQS_ZEV(1.0),12/09/24 23:00:00,A,TOTAL,CAR,NR,LU,2019,2197,
ESTAT:ROAD_EQS_ZEV(1.0),12/09/24 23:00:00,A,TOTAL,CAR,NR,LU,2020,4034,
ESTAT:ROAD_EQS_ZEV(1.0),12/09/24 23:00:00,A,TOTAL,CAR,NR,LU,2021,7962,
ESTAT:ROAD_EQS_ZEV(1.0),12/09/24 23:00:00,A,TOTAL,CAR,NR,LU,2022,13913,s
ESTAT:ROAD_EQS_ZEV(1.0),12/09/24 23:00:00,A,TOTAL,CAR,NR,LU,2023,23271,
ESTAT:ROAD_EQS_ZEV(1.0),12/09/24 23:00:00,A,TOTAL,CAR,NR,LV,2014,188,
ESTAT:ROAD_EQS_ZEV(1.0),12/09/24 23:00:00,A,TOTAL,CAR,NR,LV,2015,211,
ESTAT:ROAD_EQS_ZEV(1.0),12/09/24 23:00:00,A,TOTAL,CAR,NR,LV,2016,241,
ESTAT:ROAD_EQS_ZEV(1.0),12/09/24 23:00:00,A,TOTAL,CAR,NR,LV,2017,312,
ESTAT:ROAD_EQS_ZEV(1.0),12/09/24 23:00:00,A,TOTAL,CAR,NR,LV,2018,442,
ESTAT:ROAD_EQS_ZEV(1.0),12/09/24 23:00:00,A,TOTAL,CAR,NR,LV,2019,658,
ESTAT:ROAD_EQS_ZEV(1.0),12/09/24 23:00:00,A,TOTAL,CAR,NR,LV,2020,1205,
ESTAT:ROAD_EQS_ZEV(1.0),12/09/24 23:00:00,A,TOTAL,CAR,NR,LV,2021,2106,
ESTAT:ROAD_EQS_ZEV(1.0),12/09/24 23:00:00,A,TOTAL,CAR,NR,LV,2022,3832,
ESTAT:ROAD_EQS_ZEV(1.0),12/09/24 23:00:00,A,TOTAL,CAR,NR,LV,2023,6369,
ESTAT:ROAD_EQS_ZEV(1.0),12/09/24 23:00:00,A,TOTAL,CAR,NR,MT,2014,87,
ESTAT:ROAD_EQS_ZEV(1.0),12/09/24 23:00:00,A,TOTAL,CAR,NR,MT,2015,136,
ESTAT:ROAD_EQS_ZEV(1.0),12/09/24 23:00:00,A,TOTAL,CAR,NR,MT,2016,140,
ESTAT:ROAD_EQS_ZEV(1.0),12/09/24 23:00:00,A,TOTAL,CAR,NR,MT,2017,189,
ESTAT:ROAD_EQS_ZEV(1.0),12/09/24 23:00:00,A,TOTAL,CAR,NR,MT,2018,603,
ESTAT:ROAD_EQS_ZEV(1.0),12/09/24 23:00:00,A,TOTAL,CAR,NR,MT,2019,983,
ESTAT:ROAD_EQS_ZEV(1.0),12/09/24 23:00:00,A,TOTAL,CAR,NR,MT,2020,1293,
ESTAT:ROAD_EQS_ZEV(1.0),12/09/24 23:00:00,A,TOTAL,CAR,NR,MT,2021,1783,
ESTAT:ROAD_EQS_ZEV(1.0),12/09/24 23:00:00,A,TOTAL,CAR,NR,MT,2022,2803,
ESTAT:ROAD_EQS_ZEV(1.0),12/09/24 23:00:00,A,TOTAL,CAR,NR,MT,2023,4364,
ESTAT:ROAD_EQS_ZEV(1.0),12/09/24 23:00:00,A,TOTAL,CAR,NR,NL,2014,6825,s
ESTAT:ROAD_EQS_ZEV(1.0),12/09/24 23:00:00,A,TOTAL,CAR,NR,NL,2015,9983,
ESTAT:ROAD_EQS_ZEV(1.0),12/09/24 23:00:00,A,TOTAL,CAR,NR,NL,2016,13725,
ESTAT:ROAD_EQS_ZEV(1.0),12/09/24 23:00:00,A,TOTAL,CAR,NR,NL,2017,21863,
ESTAT:ROAD_EQS_ZEV(1.0),12/09/24 23:00:00,A,TOTAL,CAR,NR,NL,2018,44595,
ESTAT:ROAD_EQS_ZEV(1.0),12/09/24 23:00:00,A,TOTAL,CAR,NR,NL,2019,106249,
ESTAT:ROAD_EQS_ZEV(1.0),12/09/24 23:00:00,A,TOTAL,CAR,NR,NL,2020,173815,
ESTAT:ROAD_EQS_ZEV(1.0),12/09/24 23:00:00,A,TOTAL,CAR,NR,NL,2021,245116,
ESTAT:ROAD_EQS_ZEV(1.0),12/09/24 23:00:00,A,TOTAL,CAR,NR,NL,2022,330139,
ESTAT:ROAD_EQS_ZEV(1.0),12/09/24 23:00:00,A,TOTAL,CAR,NR,NL,2023,443024,s
ESTAT:ROAD_EQS_ZEV(1.0),12/09/24 23:00:00,A,TOTAL,CAR,NR,PL,2014,153,s
ESTAT:ROAD_EQS_ZEV(1.0),12/09/24 23:00:00,A,TOTAL,CAR,NR,PL,2015,219,s
ESTAT:ROAD_EQS_ZEV(1.0),12/09/24 23:00:00,A,TOTAL,CAR,NR,PL,2016,348,s
ESTAT:ROAD_EQS_ZEV(1.0),12/09/24 23:00:00,A,TOTAL,CAR,NR,PL,2017,896,s
ESTAT:ROAD_EQS_ZEV(1.0),12/09/24 23:00:00,A,TOTAL,CAR,NR,PL,2018,3019,s
ESTAT:ROAD_EQS_ZEV(1.0),12/09/24 23:00:00,A,TOTAL,CAR,NR,PL,2019,5197,
ESTAT:ROAD_EQS_ZEV(1.0),12/09/24 23:00:00,A,TOTAL,CAR,NR,PL,2020,9773,
ESTAT:ROAD_EQS_ZEV(1.0),12/09/24 23:00:00,A,TOTAL,CAR,NR,PL,2021,18192,
ESTAT:ROAD_EQS_ZEV(1.0),12/09/24 23:00:00,A,TOTAL,CAR,NR,PL,2022,30925,
ESTAT:ROAD_EQS_ZEV(1.0),12/09/24 23:00:00,A,TOTAL,CAR,NR,PL,2023,51429,
ESTAT:ROAD_EQS_ZEV(1.0),12/09/24 23:00:00,A,TOTAL,CAR,NR,PT,2014,672,
ESTAT:ROAD_EQS_ZEV(1.0),12/09/24 23:00:00,A,TOTAL,CAR,NR,PT,2015,1398,
ESTAT:ROAD_EQS_ZEV(1.0),12/09/24 23:00:00,A,TOTAL,CAR,NR,PT,2016,2383,
ESTAT:ROAD_EQS_ZEV(1.0),12/09/24 23:00:00,A,TOTAL,CAR,NR,PT,2017,4667,
ESTAT:ROAD_EQS_ZEV(1.0),12/09/24 23:00:00,A,TOTAL,CAR,NR,PT,2018,9980,
ESTAT:ROAD_EQS_ZEV(1.0),12/09/24 23:00:00,A,TOTAL,CAR,NR,PT,2019,18139,
ESTAT:ROAD_EQS_ZEV(1.0),12/09/24 23:00:00,A,TOTAL,CAR,NR,PT,2020,26949,
ESTAT:ROAD_EQS_ZEV(1.0),12/09/24 23:00:00,A,TOTAL,CAR,NR,PT,2021,43309,
ESTAT:ROAD_EQS_ZEV(1.0),12/09/24 23:00:00,A,TOTAL,CAR,NR,PT,2022,67347,
ESTAT:ROAD_EQS_ZEV(1.0),12/09/24 23:00:00,A,TOTAL,CAR,NR,PT,2023,111003,
ESTAT:ROAD_EQS_ZEV(1.0),12/09/24 23:00:00,A,TOTAL,CAR,NR,RO,2014,2737,s
ESTAT:ROAD_EQS_ZEV(1.0),12/09/24 23:00:00,A,TOTAL,CAR,NR,RO,2015,3863,s
ESTAT:ROAD_EQS_ZEV(1.0),12/09/24 23:00:00,A,TOTAL,CAR,NR,RO,2016,6348,s
ESTAT:ROAD_EQS_ZEV(1.0),12/09/24 23:00:00,A,TOTAL,CAR,NR,RO,2017,9947,s
ESTAT:ROAD_EQS_ZEV(1.0),12/09/24 23:00:00,A,TOTAL,CAR,NR,RO,2018,1103,s
ESTAT:ROAD_EQS_ZEV(1.0),12/09/24 23:00:00,A,TOTAL,CAR,NR,RO,2019,2798,s
ESTAT:ROAD_EQS_ZEV(1.0),12/09/24 23:00:00,A,TOTAL,CAR,NR,RO,2020,5803,s
ESTAT:ROAD_EQS_ZEV(1.0),12/09/24 23:00:00,A,TOTAL,CAR,NR,RO,2021,12433,s
ESTAT:ROAD_EQS_ZEV(1.0),12/09/24 23:00:00,A,TOTAL,CAR,NR,RO,2022,24691,s
ESTAT:ROAD_EQS_ZEV(1.0),12/09/24 23:00:00,A,TOTAL,CAR,NR,RO,2023,39271,s
ESTAT:ROAD_EQS_ZEV(1.0),12/09/24 23:00:00,A,TOTAL,CAR,NR,SE,2014,2175,
ESTAT:ROAD_EQS_ZEV(1.0),12/09/24 23:00:00,A,TOTAL,CAR,NR,SE,2015,4769,
ESTAT:ROAD_EQS_ZEV(1.0),12/09/24 23:00:00,A,TOTAL,CAR,NR,SE,2016,7555,
ESTAT:ROAD_EQS_ZEV(1.0),12/09/24 23:00:00,A,TOTAL,CAR,NR,SE,2017,11068,
ESTAT:ROAD_EQS_ZEV(1.0),12/09/24 23:00:00,A,TOTAL,CAR,NR,SE,2018,16705,
ESTAT:ROAD_EQS_ZEV(1.0),12/09/24 23:00:00,A,TOTAL,CAR,NR,SE,2019,30382,
ESTAT:ROAD_EQS_ZEV(1.0),12/09/24 23:00:00,A,TOTAL,CAR,NR,SE,2020,55829,
ESTAT:ROAD_EQS_ZEV(1.0),12/09/24 23:00:00,A,TOTAL,CAR,NR,SE,2021,110221,
ESTAT:ROAD_EQS_ZEV(1.0),12/09/24 23:00:00,A,TOTAL,CAR,NR,SE,2022,197751,
ESTAT:ROAD_EQS_ZEV(1.0),12/09/24 23:00:00,A,TOTAL,CAR,NR,SE,2023,291716,
ESTAT:ROAD_EQS_ZEV(1.0),12/09/24 23:00:00,A,TOTAL,CAR,NR,SI,2014,133,s
ESTAT:ROAD_EQS_ZEV(1.0),12/09/24 23:00:00,A,TOTAL,CAR,NR,SI,2015,288,s
ESTAT:ROAD_EQS_ZEV(1.0),12/09/24 23:00:00,A,TOTAL,CAR,NR,SI,2016,457,s
ESTAT:ROAD_EQS_ZEV(1.0),12/09/24 23:00:00,A,TOTAL,CAR,NR,SI,2017,779,s
ESTAT:ROAD_EQS_ZEV(1.0),12/09/24 23:00:00,A,TOTAL,CAR,NR,SI,2018,1308,s
ESTAT:ROAD_EQS_ZEV(1.0),12/09/24 23:00:00,A,TOTAL,CAR,NR,SI,2019,1998,s
ESTAT:ROAD_EQS_ZEV(1.0),12/09/24 23:00:00,A,TOTAL,CAR,NR,SI,2020,3670,s
ESTAT:ROAD_EQS_ZEV(1.0),12/09/24 23:00:00,A,TOTAL,CAR,NR,SI,2021,5413,s
ESTAT:ROAD_EQS_ZEV(1.0),12/09/24 23:00:00,A,TOTAL,CAR,NR,SI,2022,7977,s
ESTAT:ROAD_EQS_ZEV(1.0),12/09/24 23:00:00,A,TOTAL,CAR,NR,SI,2023,12743,s
ESTAT:ROAD_EQS_ZEV(1.0),12/09/24 23:00:00,A,TOTAL,CAR,NR,SK,2014,113,s
ESTAT:ROAD_EQS_ZEV(1.0),12/09/24 23:00:00,A,TOTAL,CAR,NR,SK,2015,137,s
ESTAT:ROAD_EQS_ZEV(1.0),12/09/24 23:00:00,A,TOTAL,CAR,NR,SK,2016,198,s
ESTAT:ROAD_EQS_ZEV(1.0),12/09/24 23:00:00,A,TOTAL,CAR,NR,SK,2017,398,s
ESTAT:ROAD_EQS_ZEV(1.0),12/09/24 23:00:00,A,TOTAL,CAR,NR,SK,2018,795,s
ESTAT:ROAD_EQS_ZEV(1.0),12/09/24 23:00:00,A,TOTAL,CAR,NR,SK,2019,956,s
ESTAT:ROAD_EQS_ZEV(1.0),12/09/24 23:00:00,A,TOTAL,CAR,NR,SK,2020,1863,s
ESTAT:ROAD_EQS_ZEV(1.0),12/09/24 23:00:00,A,TOTAL,CAR,NR,SK,2021,3001,s
ESTAT:ROAD_EQS_ZEV(1.0),12/09/24 23:00:00,A,TOTAL,CAR,NR,SK,2022,4531,s
ESTAT:ROAD_EQS_ZEV(1.0),12/09/24 23:00:00,A,TOTAL,CAR,NR,SK,2023,7899,s
