DATAFLOW,LAST UPDATE,freq,airpol,src_crf,unit,geo,TIME_PERIOD,OBS_VALUE,OBS_FLAG
ESTAT:SDG_13_10(1.0),05/09/24 23:00:00,A,GHG,TOTXMEMONIA,I90,AT,1990,100.0,
ESTAT:SDG_13_10(1.0),05/09/24 23:00:00,A,GHG,TOTXMEMONIA,I90,AT,1991,95.3,
ESTAT:SDG_13_10(1.0),05/09/24 23:00:00,A,GHG,TOTXMEMONIA,I90,AT,1992,99.9,
ESTAT:SDG_13_10(1.0),05/09/24 23:00:00,A,GHG,TOTXMEMONIA,I90,AT,1993,89.5,
ESTAT:SDG_13_10(1.0),05/09/24 23:00:00,A,GHG,TOTXMEMONIA,I90,AT,1994,100.7,
ESTAT:SDG_13_10(1.0),05/09/24 23:00:00,A,GHG,TOTXMEMONIA,I90,AT,1995,90.8,
ESTAT:SDG_13_10(1.0),05/09/24 23:00:00,A,GHG,TOTXMEMONIA,I90,AT,1996,96.9,
ESTAT:SDG_13_10(1.0),05/09/24 23:00:00,A,GHG,TOTXMEMONIA,I90,AT,1997,90.8,
ESTAT:SDG_13_10(1.0),05/09/24 23:00:00,A,GHG,TOTXMEMONIA,I90,AT,1998,94.8,
ESTAT:SDG_13_10(1.0),05/09/24 23:00:00,A,GHG,TOTXMEMONIA,I90,AT,1999,90.7,
ESTAT:SDG_13_10(1.0),05/09/24 23:00:00,A,GHG,TOTXMEMONIA,I90,AT,2000,100.2,
ESTAT:SDG_13_10(1.0),05/09/24 23:00:00,A,GHG,TOTXMEMONIA,I90,AT,2001,83.6,
ESTAT:SDG_13_10(1.0),05/09/24 23:00:00,A,GHG,TOTXMEMONIA,I90,AT,2002,109.8,
ESTAT:SDG_13_10(1.0),05/09/24 23:00:00,A,GHG,TOTXMEMONIA,I90,AT,2003,114.4,
ESTAT:SDG_13_10(1.0),05/09/24 23:00:00,A,GHG,TOTXMEMONIA,I90,AT,2004,104.1,
ESTAT:SDG_13_10(1.0),05/09/24 23:00:00,A,GHG,TOTXMEMONIA,I90,AT,2005,112.0,
ESTAT:SDG_13_10(1.0),05/09/24 23:00:00,A,GHG,TOTXMEMONIA,I90,AT,2006,122.3,
ESTAT:SDG_13_10(1.0),05/09/24 23:00:00,A,GHG,TOTXMEMONIA,I90,AT,2007,123.4,
ESTAT:SDG_13_10(1.0),05/09/24 23:00:00,A,GHG,TOTXMEMONIA,I90,AT,2008,112.7,
ESTAT:SDG_13_10(1.0),05/09/24 23:00:00,A,GHG,TOTXMEMONIA,I90,AT,2009,108.9,
ESTAT:SDG_13_10(1.0),05/09/24 23:00:00,A,GHG,TOTXMEMONIA,I90,AT,2010,98.7,
ESTAT:SDG_13_10(1.0),05/09/24 23:00:00,A,GHG,TOTXMEMONIA,I90,AT,2011,102.2,
ESTAT:SDG_13_10(1.0),05/09/24 23:00:00,A,GHG,TOTXMEMONIA,I90,AT,2012,112.1,
ESTAT:SDG_13_10(1.0),05/09/24 23:00:00,A,GHG,TOTXMEMONIA,I90,AT,2013,111.9,
ESTAT:SDG_13_10(1.0),05/09/24 23:00:00,A,GHG,TOTXMEMONIA,I90,AT,2014,104.6,
ESTAT:SDG_13_10(1.0),05/09/24 23:00:00,A,GHG,TOTXMEMONIA,I90,AT,2015,109.6,
ESTAT:SDG_13_10(1.0),05/09/24 23:00:00,A,GHG,TOTXMEMONIA,I90,AT,2016,110.6,
ESTAT:SDG_13_10(1.0),05/09/24 23:00:00,A,GHG,TOTXMEMONIA,I90,AT,2017,119.4,
ESTAT:SDG_13_10(1.0),05/09/24 23:00:00,A,GHG,TOTXMEMONIA,I90,AT,2018,126.9,
ESTAT:SDG_13_10(1.0),05/09/24 23:00:00,A,GHG,TOTXMEMONIA,I90,AT,2019,125.1,
ESTAT:SDG_13_10(1.0),05/09/24 23:00:00,A,GHG,TOTXMEMONIA,I90,AT,2020,101.4,
ESTAT:SDG_13_10(1.0),05/09/24 23:00:00,A,GHG,TOTXMEMONIA,I90,AT,2021,98.9,
ESTAT:SDG_13_10(1.0),05/09/24 23:00:00,A,GHG,TOTXMEMONIA,I90,AT,2022,103.0,
ESTAT:SDG_13_10(1.0),05/09/24 23:00:00,A,GHG,TOTXMEMONIA,I90,BE,1990,100.0,
ESTAT:SDG_13_10(1.0),05/09/24 23:00:00,A,GHG,TOTXMEMONIA,I90,BE,1991,101.8,
ESTAT:SDG_13_10(1.0),05/09/24 23:00:00,A,GHG,TOTXMEMONIA,I90,BE,1992,101.6,
ESTAT:SDG_13_10(1.0),05/09/24 23:00:00,A,GHG,TOTXMEMONIA,I90,BE,1993,100.7,
ESTAT:SDG_13_10(1.0),05/09/24 23:00:00,A,GHG,TOTXMEMONIA,I90,BE,1994,104.0,
ESTAT:SDG_13_10(1.0),05/09/24 23:00:00,A,GHG,TOTXMEMONIA,I90,BE,1995,105.6,
ESTAT:SDG_13_10(1.0),05/09/24 23:00:00,A,GHG,TOTXMEMONIA,I90,BE,1996,108.3,
ESTAT:SDG_13_10(1.0),05/09/24 23:00:00,A,GHG,TOTXMEMONIA,I90,BE,1997,103.0,
ESTAT:SDG_13_10(1.0),05/09/24 23:00:00,A,GHG,TOTXMEMONIA,I90,BE,1998,106.5,
ESTAT:SDG_13_10(1.0),05/09/24 23:00:00,A,GHG,TOTXMEMONIA,I90,BE,1999,102.9,
ESTAT:SDG_13_10(1.0),05/09/24 23:00:00,A,GHG,TOTXMEMONIA,I90,BE,2000,104.0,
ESTAT:SDG_13_10(1.0),05/09/24 23:00:00,A,GHG,TOTXMEMONIA,I90,BE,2001,102.8,
ESTAT:SDG_13_10(1.0),05/09/24 23:00:00,A,GHG,TOTXMEMONIA,I90,BE,2002,101.9,
ESTAT:SDG_13_10(1.0),05/09/24 23:00:00,A,GHG,TOTXMEMONIA,I90,BE,2003,102.4,
ESTAT:SDG_13_10(1.0),05/09/24 23:00:00,A,GHG,TOTXMEMONIA,I90,BE,2004,103.1,
ESTAT:SDG_13_10(1.0),05/09/24 23:00:00,A,GHG,TOTXMEMONIA,I90,BE,2005,100.8,
ESTAT:SDG_13_10(1.0),05/09/24 23:00:00,A,GHG,TOTXMEMONIA,I90,BE,2006,99.1,
ESTAT:SDG_13_10(1.0),05/09/24 23:00:00,A,GHG,TOTXMEMONIA,I90,BE,2007,97.0,
ESTAT:SDG_13_10(1.0),05/09/24 23:00:00,A,GHG,TOTXMEMONIA,I90,BE,2008,97.3,
ESTAT:SDG_13_10(1.0),05/09/24 23:00:00,A,GHG,TOTXMEMONIA,I90,BE,2009,88.5,
ESTAT:SDG_13_10(1.0),05/09/24 23:00:00,A,GHG,TOTXMEMONIA,I90,BE,2010,94.1,
ESTAT:SDG_13_10(1.0),05/09/24 23:00:00,A,GHG,TOTXMEMONIA,I90,BE,2011,87.3,
ESTAT:SDG_13_10(1.0),05/09/24 23:00:00,A,GHG,TOTXMEMONIA,I90,BE,2012,85.2,
ESTAT:SDG_13_10(1.0),05/09/24 23:00:00,A,GHG,TOTXMEMONIA,I90,BE,2013,84.7,
ESTAT:SDG_13_10(1.0),05/09/24 23:00:00,A,GHG,TOTXMEMONIA,I90,BE,2014,80.9,
ESTAT:SDG_13_10(1.0),05/09/24 23:00:00,A,GHG,TOTXMEMONIA,I90,BE,2015,84.1,
ESTAT:SDG_13_10(1.0),05/09/24 23:00:00,A,GHG,TOTXMEMONIA,I90,BE,2016,83.0,
ESTAT:SDG_13_10(1.0),05/09/24 23:00:00,A,GHG,TOTXMEMONIA,I90,BE,2017,83.1,
ESTAT:SDG_13_10(1.0),05/09/24 23:00:00,A,GHG,TOTXMEMONIA,I90,BE,2018,83.8,
ESTAT:SDG_13_10(1.0),05/09/24 23:00:00,A,GHG,TOTXMEMONIA,I90,BE,2019,83.2,
ESTAT:SDG_13_10(1.0),05/09/24 23:00:00,A,GHG,TOTXMEMONIA,I90,BE,2020,75.8,
ESTAT:SDG_13_10(1.0),05/09/24 23:00:00,A,GHG,TOTXMEMONIA,I90,BE,2021,78.4,
ESTAT:SDG_13_10(1.0),05/09/24 23:00:00,A,GHG,TOTXMEMONIA,I90,BE,2022,74.3,
ESTAT:SDG_13_10(1.0),05/09/24 23:00:00,A,GHG,TOTXMEMONIA,I90,BG,1990,100.0,
ESTAT:SDG_13_10(1.0),05/09/24 23:00:00,A,GHG,TOTXMEMONIA,I90,BG,1991,78.0,
ESTAT:SDG_13_10(1.0),05/09/24 23:00:00,A,GHG,TOTXMEMONIA,I90,BG,1992,72.2,
ESTAT:SDG_13_10(1.0),05/09/24 23:00:00,A,GHG,TOTXMEMONIA,I90,BG,1993,71.4,
ESTAT:SDG_13_10(1.0),05/09/24 23:00:00,A,GHG,TOTXMEMONIA,I90,BG,1994,66.2,
ESTAT:SDG_13_10(1.0),05/09/24 23:00:00,A,GHG,TOTXMEMONIA,I90,BG,1995,68.1,
ESTAT:SDG_13_10(1.0),05/09/24 23:00:00,A,GHG,TOTXMEMONIA,I90,BG,1996,69.1,
ESTAT:SDG_13_10(1.0),05/09/24 23:00:00,A,GHG,TOTXMEMONIA,I90,BG,1997,64.9,
ESTAT:SDG_13_10(1.0),05/09/24 23:00:00,A,GHG,TOTXMEMONIA,I90,BG,1998,60.3,
ESTAT:SDG_13_10(1.0),05/09/24 23:00:00,A,GHG,TOTXMEMONIA,I90,BG,1999,51.8,
ESTAT:SDG_13_10(1.0),05/09/24 23:00:00,A,GHG,TOTXMEMONIA,I90,BG,2000,49.4,
ESTAT:SDG_13_10(1.0),05/09/24 23:00:00,A,GHG,TOTXMEMONIA,I90,BG,2001,56.4,
ESTAT:SDG_13_10(1.0),05/09/24 23:00:00,A,GHG,TOTXMEMONIA,I90,BG,2002,52.9,
ESTAT:SDG_13_10(1.0),05/09/24 23:00:00,A,GHG,TOTXMEMONIA,I90,BG,2003,59.6,
ESTAT:SDG_13_10(1.0),05/09/24 23:00:00,A,GHG,TOTXMEMONIA,I90,BG,2004,57.7,
ESTAT:SDG_13_10(1.0),05/09/24 23:00:00,A,GHG,TOTXMEMONIA,I90,BG,2005,56.9,
ESTAT:SDG_13_10(1.0),05/09/24 23:00:00,A,GHG,TOTXMEMONIA,I90,BG,2006,61.9,
ESTAT:SDG_13_10(1.0),05/09/24 23:00:00,A,GHG,TOTXMEMONIA,I90,BG,2007,65.6,
ESTAT:SDG_13_10(1.0),05/09/24 23:00:00,A,GHG,TOTXMEMONIA,I90,BG,2008,65.9,
ESTAT:SDG_13_10(1.0),05/09/24 23:00:00,A,GHG,TOTXMEMONIA,I90,BG,2009,54.7,
ESTAT:SDG_13_10(1.0),05/09/24 23:00:00,A,GHG,TOTXMEMONIA,I90,BG,2010,58.7,
ESTAT:SDG_13_10(1.0),05/09/24 23:00:00,A,GHG,TOTXMEMONIA,I90,BG,2011,69.2,
ESTAT:SDG_13_10(1.0),05/09/24 23:00:00,A,GHG,TOTXMEMONIA,I90,BG,2012,63.5,
ESTAT:SDG_13_10(1.0),05/09/24 23:00:00,A,GHG,TOTXMEMONIA,I90,BG,2013,58.2,
ESTAT:SDG_13_10(1.0),05/09/24 23:00:00,A,GHG,TOTXMEMONIA,I90,BG,2014,60.3,
ESTAT:SDG_13_10(1.0),05/09/24 23:00:00,A,GHG,TOTXMEMONIA,I90,BG,2015,64.8,
ESTAT:SDG_13_10(1.0),05/09/24 23:00:00,A,GHG,TOTXMEMONIA,I90,BG,2016,59.5,
ESTAT:SDG_13_10(1.0),05/09/24 23:00:00,A,GHG,TOTXMEMONIA,I90,BG,2017,61.8,
ESTAT:SDG_13_10(1.0),05/09/24 23:00:00,A,GHG,TOTXMEMONIA,I90,BG,2018,56.4,
ESTAT:SDG_13_10(1.0),05/09/24 23:00:00,A,GHG,TOTXMEMONIA,I90,BG,2019,55.1,
ESTAT:SDG_13_10(1.0),05/09/24 23:00:00,A,GHG,TOTXMEMONIA,I90,BG,2020,47.4,
ESTAT:SDG_13_10(1.0),05/09/24 23:00:00,A,GHG,TOTXMEMONIA,I90,BG,2021,54.9,
ESTAT:SDG_13_10(1.0),05/09/24 23:00:00,A,GHG,TOTXMEMONIA,I90,BG,2022,60.4,
ESTAT:SDG_13_10(1.0),05/09/24 23:00:00,A,GHG,TOTXMEMONIA,I90,CH,1990,100.0,
ESTAT:SDG_13_10(1.0),05/09/24 23:00:00,A,GHG,TOTXMEMONIA,I90,CH,1991,97.7,
ESTAT:SDG_13_10(1.0),05/09/24 23:00:00,A,GHG,TOTXMEMONIA,I90,CH,1992,100.4,
ESTAT:SDG_13_10(1.0),05/09/24 23:00:00,A,GHG,TOTXMEMONIA,I90,CH,1993,94.3,
ESTAT:SDG_13_10(1.0),05/09/24 23:00:00,A,GHG,TOTXMEMONIA,I90,CH,1994,96.8,
ESTAT:SDG_13_10(1.0),05/09/24 23:00:00,A,GHG,TOTXMEMONIA,I90,CH,1995,96.3,
ESTAT:SDG_13_10(1.0),05/09/24 23:00:00,A,GHG,TOTXMEMONIA,I90,CH,1996,94.3,
ESTAT:SDG_13_10(1.0),05/09/24 23:00:00,A,GHG,TOTXMEMONIA,I90,CH,1997,96.6,
ESTAT:SDG_13_10(1.0),05/09/24 23:00:00,A,GHG,TOTXMEMONIA,I90,CH,1998,101.0,
ESTAT:SDG_13_10(1.0),05/09/24 23:00:00,A,GHG,TOTXMEMONIA,I90,CH,1999,103.8,
ESTAT:SDG_13_10(1.0),05/09/24 23:00:00,A,GHG,TOTXMEMONIA,I90,CH,2000,114.0,
ESTAT:SDG_13_10(1.0),05/09/24 23:00:00,A,GHG,TOTXMEMONIA,I90,CH,2001,107.0,
ESTAT:SDG_13_10(1.0),05/09/24 23:00:00,A,GHG,TOTXMEMONIA,I90,CH,2002,100.3,
ESTAT:SDG_13_10(1.0),05/09/24 23:00:00,A,GHG,TOTXMEMONIA,I90,CH,2003,102.5,
ESTAT:SDG_13_10(1.0),05/09/24 23:00:00,A,GHG,TOTXMEMONIA,I90,CH,2004,100.5,
ESTAT:SDG_13_10(1.0),05/09/24 23:00:00,A,GHG,TOTXMEMONIA,I90,CH,2005,102.1,
ESTAT:SDG_13_10(1.0),05/09/24 23:00:00,A,GHG,TOTXMEMONIA,I90,CH,2006,106.8,
ESTAT:SDG_13_10(1.0),05/09/24 23:00:00,A,GHG,TOTXMEMONIA,I90,CH,2007,103.2,
ESTAT:SDG_13_10(1.0),05/09/24 23:00:00,A,GHG,TOTXMEMONIA,I90,CH,2008,104.0,
ESTAT:SDG_13_10(1.0),05/09/24 23:00:00,A,GHG,TOTXMEMONIA,I90,CH,2009,100.4,
ESTAT:SDG_13_10(1.0),05/09/24 23:00:00,A,GHG,TOTXMEMONIA,I90,CH,2010,102.3,
ESTAT:SDG_13_10(1.0),05/09/24 23:00:00,A,GHG,TOTXMEMONIA,I90,CH,2011,99.0,
ESTAT:SDG_13_10(1.0),05/09/24 23:00:00,A,GHG,TOTXMEMONIA,I90,CH,2012,100.6,
ESTAT:SDG_13_10(1.0),05/09/24 23:00:00,A,GHG,TOTXMEMONIA,I90,CH,2013,102.0,
ESTAT:SDG_13_10(1.0),05/09/24 23:00:00,A,GHG,TOTXMEMONIA,I90,CH,2014,96.9,
ESTAT:SDG_13_10(1.0),05/09/24 23:00:00,A,GHG,TOTXMEMONIA,I90,CH,2015,94.7,
ESTAT:SDG_13_10(1.0),05/09/24 23:00:00,A,GHG,TOTXMEMONIA,I90,CH,2016,94.8,
ESTAT:SDG_13_10(1.0),05/09/24 23:00:00,A,GHG,TOTXMEMONIA,I90,CH,2017,94.7,
ESTAT:SDG_13_10(1.0),05/09/24 23:00:00,A,GHG,TOTXMEMONIA,I90,CH,2018,95.1,
ESTAT:SDG_13_10(1.0),05/09/24 23:00:00,A,GHG,TOTXMEMONIA,I90,CH,2019,93.5,
ESTAT:SDG_13_10(1.0),05/09/24 23:00:00,A,GHG,TOTXMEMONIA,I90,CH,2020,81.9,
ESTAT:SDG_13_10(1.0),05/09/24 23:00:00,A,GHG,TOTXMEMONIA,I90,CH,2021,83.7,
ESTAT:SDG_13_10(1.0),05/09/24 23:00:00,A,GHG,TOTXMEMONIA,I90,CH,2022,83.9,
ESTAT:SDG_13_10(1.0),05/09/24 23:00:00,A,GHG,TOTXMEMONIA,I90,CY,1990,100.0,
ESTAT:SDG_13_10(1.0),05/09/24 23:00:00,A,GHG,TOTXMEMONIA,I90,CY,1991,110.2,
ESTAT:SDG_13_10(1.0),05/09/24 23:00:00,A,GHG,TOTXMEMONIA,I90,CY,1992,116.8,
ESTAT:SDG_13_10(1.0),05/09/24 23:00:00,A,GHG,TOTXMEMONIA,I90,CY,1993,119.4,
ESTAT:SDG_13_10(1.0),05/09/24 23:00:00,A,GHG,TOTXMEMONIA,I90,CY,1994,123.8,
ESTAT:SDG_13_10(1.0),05/09/24 23:00:00,A,GHG,TOTXMEMONIA,I90,CY,1995,123.6,
ESTAT:SDG_13_10(1.0),05/09/24 23:00:00,A,GHG,TOTXMEMONIA,I90,CY,1996,129.1,
ESTAT:SDG_13_10(1.0),05/09/24 23:00:00,A,GHG,TOTXMEMONIA,I90,CY,1997,130.4,
ESTAT:SDG_13_10(1.0),05/09/24 23:00:00,A,GHG,TOTXMEMONIA,I90,CY,1998,136.1,
ESTAT:SDG_13_10(1.0),05/09/24 23:00:00,A,GHG,TOTXMEMONIA,I90,CY,1999,140.9,
ESTAT:SDG_13_10(1.0),05/09/24 23:00:00,A,GHG,TOTXMEMONIA,I90,CY,2000,146.4,
ESTAT:SDG_13_10(1.0),05/09/24 23:00:00,A,GHG,TOTXMEMONIA,I90,CY,2001,147.4,
ESTAT:SDG_13_10(1.0),05/09/24 23:00:00,A,GHG,TOTXMEMONIA,I90,CY,2002,150.1,
ESTAT:SDG_13_10(1.0),05/09/24 23:00:00,A,GHG,TOTXMEMONIA,I90,CY,2003,157.4,
ESTAT:SDG_13_10(1.0),05/09/24 23:00:00,A,GHG,TOTXMEMONIA,I90,CY,2004,159.4,
ESTAT:SDG_13_10(1.0),05/09/24 23:00:00,A,GHG,TOTXMEMONIA,I90,CY,2005,160.3,
ESTAT:SDG_13_10(1.0),05/09/24 23:00:00,A,GHG,TOTXMEMONIA,I90,CY,2006,164.4,
ESTAT:SDG_13_10(1.0),05/09/24 23:00:00,A,GHG,TOTXMEMONIA,I90,CY,2007,170.3,
ESTAT:SDG_13_10(1.0),05/09/24 23:00:00,A,GHG,TOTXMEMONIA,I90,CY,2008,173.4,
ESTAT:SDG_13_10(1.0),05/09/24 23:00:00,A,GHG,TOTXMEMONIA,I90,CY,2009,168.3,
ESTAT:SDG_13_10(1.0),05/09/24 23:00:00,A,GHG,TOTXMEMONIA,I90,CY,2010,163.3,
ESTAT:SDG_13_10(1.0),05/09/24 23:00:00,A,GHG,TOTXMEMONIA,I90,CY,2011,158.3,
ESTAT:SDG_13_10(1.0),05/09/24 23:00:00,A,GHG,TOTXMEMONIA,I90,CY,2012,149.3,
ESTAT:SDG_13_10(1.0),05/09/24 23:00:00,A,GHG,TOTXMEMONIA,I90,CY,2013,136.9,
ESTAT:SDG_13_10(1.0),05/09/24 23:00:00,A,GHG,TOTXMEMONIA,I90,CY,2014,142.9,
ESTAT:SDG_13_10(1.0),05/09/24 23:00:00,A,GHG,TOTXMEMONIA,I90,CY,2015,143.3,
ESTAT:SDG_13_10(1.0),05/09/24 23:00:00,A,GHG,TOTXMEMONIA,I90,CY,2016,154.1,
ESTAT:SDG_13_10(1.0),05/09/24 23:00:00,A,GHG,TOTXMEMONIA,I90,CY,2017,156.9,
ESTAT:SDG_13_10(1.0),05/09/24 23:00:00,A,GHG,TOTXMEMONIA,I90,CY,2018,156.0,
ESTAT:SDG_13_10(1.0),05/09/24 23:00:00,A,GHG,TOTXMEMONIA,I90,CY,2019,156.7,
ESTAT:SDG_13_10(1.0),05/09/24 23:00:00,A,GHG,TOTXMEMONIA,I90,CY,2020,139.1,
ESTAT:SDG_13_10(1.0),05/09/24 23:00:00,A,GHG,TOTXMEMONIA,I90,CY,2021,147.2,
ESTAT:SDG_13_10(1.0),05/09/24 23:00:00,A,GHG,TOTXMEMONIA,I90,CY,2022,150.8,
ESTAT:SDG_13_10(1.0),05/09/24 23:00:00,A,GHG,TOTXMEMONIA,I90,CZ,1990,100.0,
ESTAT:SDG_13_10(1.0),05/09/24 23:00:00,A,GHG,TOTXMEMONIA,I90,CZ,1991,89.4,
ESTAT:SDG_13_10(1.0),05/09/24 23:00:00,A,GHG,TOTXMEMONIA,I90,CZ,1992,86.3,
ESTAT:SDG_13_10(1.0),05/09/24 23:00:00,A,GHG,TOTXMEMONIA,I90,CZ,1993,82.3,
ESTAT:SDG_13_10(1.0),05/09/24 23:00:00,A,GHG,TOTXMEMONIA,I90,CZ,1994,78.4,
ESTAT:SDG_13_10(1.0),05/09/24 23:00:00,A,GHG,TOTXMEMONIA,I90,CZ,1995,77.7,
ESTAT:SDG_13_10(1.0),05/09/24 23:00:00,A,GHG,TOTXMEMONIA,I90,CZ,1996,79.5,
ESTAT:SDG_13_10(1.0),05/09/24 23:00:00,A,GHG,TOTXMEMONIA,I90,CZ,1997,77.7,
ESTAT:SDG_13_10(1.0),05/09/24 23:00:00,A,GHG,TOTXMEMONIA,I90,CZ,1998,74.7,
ESTAT:SDG_13_10(1.0),05/09/24 23:00:00,A,GHG,TOTXMEMONIA,I90,CZ,1999,69.3,
ESTAT:SDG_13_10(1.0),05/09/24 23:00:00,A,GHG,TOTXMEMONIA,I90,CZ,2000,74.3,
ESTAT:SDG_13_10(1.0),05/09/24 23:00:00,A,GHG,TOTXMEMONIA,I90,CZ,2001,74.1,
ESTAT:SDG_13_10(1.0),05/09/24 23:00:00,A,GHG,TOTXMEMONIA,I90,CZ,2002,72.2,
ESTAT:SDG_13_10(1.0),05/09/24 23:00:00,A,GHG,TOTXMEMONIA,I90,CZ,2003,74.2,
ESTAT:SDG_13_10(1.0),05/09/24 23:00:00,A,GHG,TOTXMEMONIA,I90,CZ,2004,74.9,
ESTAT:SDG_13_10(1.0),05/09/24 23:00:00,A,GHG,TOTXMEMONIA,I90,CZ,2005,73.9,
ESTAT:SDG_13_10(1.0),05/09/24 23:00:00,A,GHG,TOTXMEMONIA,I90,CZ,2006,75.2,
ESTAT:SDG_13_10(1.0),05/09/24 23:00:00,A,GHG,TOTXMEMONIA,I90,CZ,2007,76.2,
ESTAT:SDG_13_10(1.0),05/09/24 23:00:00,A,GHG,TOTXMEMONIA,I90,CZ,2008,72.9,
ESTAT:SDG_13_10(1.0),05/09/24 23:00:00,A,GHG,TOTXMEMONIA,I90,CZ,2009,67.9,
ESTAT:SDG_13_10(1.0),05/09/24 23:00:00,A,GHG,TOTXMEMONIA,I90,CZ,2010,69.8,
ESTAT:SDG_13_10(1.0),05/09/24 23:00:00,A,GHG,TOTXMEMONIA,I90,CZ,2011,68.7,
ESTAT:SDG_13_10(1.0),05/09/24 23:00:00,A,GHG,TOTXMEMONIA,I90,CZ,2012,66.5,
ESTAT:SDG_13_10(1.0),05/09/24 23:00:00,A,GHG,TOTXMEMONIA,I90,CZ,2013,64.0,
ESTAT:SDG_13_10(1.0),05/09/24 23:00:00,A,GHG,TOTXMEMONIA,I90,CZ,2014,62.9,
ESTAT:SDG_13_10(1.0),05/09/24 23:00:00,A,GHG,TOTXMEMONIA,I90,CZ,2015,63.7,
ESTAT:SDG_13_10(1.0),05/09/24 23:00:00,A,GHG,TOTXMEMONIA,I90,CZ,2016,65.0,
ESTAT:SDG_13_10(1.0),05/09/24 23:00:00,A,GHG,TOTXMEMONIA,I90,CZ,2017,66.3,
ESTAT:SDG_13_10(1.0),05/09/24 23:00:00,A,GHG,TOTXMEMONIA,I90,CZ,2018,68.2,
ESTAT:SDG_13_10(1.0),05/09/24 23:00:00,A,GHG,TOTXMEMONIA,I90,CZ,2019,68.5,
ESTAT:SDG_13_10(1.0),05/09/24 23:00:00,A,GHG,TOTXMEMONIA,I90,CZ,2020,64.2,
ESTAT:SDG_13_10(1.0),05/09/24 23:00:00,A,GHG,TOTXMEMONIA,I90,CZ,2021,65.5,
ESTAT:SDG_13_10(1.0),05/09/24 23:00:00,A,GHG,TOTXMEMONIA,I90,CZ,2022,63.1,
ESTAT:SDG_13_10(1.0),05/09/24 23:00:00,A,GHG,TOTXMEMONIA,I90,DE,1990,100.0,
ESTAT:SDG_13_10(1.0),05/09/24 23:00:00,A,GHG,TOTXMEMONIA,I90,DE,1991,91.9,
ESTAT:SDG_13_10(1.0),05/09/24 23:00:00,A,GHG,TOTXMEMONIA,I90,DE,1992,87.7,
ESTAT:SDG_13_10(1.0),05/09/24 23:00:00,A,GHG,TOTXMEMONIA,I90,DE,1993,87.1,
ESTAT:SDG_13_10(1.0),05/09/24 23:00:00,A,GHG,TOTXMEMONIA,I90,DE,1994,86.2,
ESTAT:SDG_13_10(1.0),05/09/24 23:00:00,A,GHG,TOTXMEMONIA,I90,DE,1995,86.2,
ESTAT:SDG_13_10(1.0),05/09/24 23:00:00,A,GHG,TOTXMEMONIA,I90,DE,1996,87.3,
ESTAT:SDG_13_10(1.0),05/09/24 23:00:00,A,GHG,TOTXMEMONIA,I90,DE,1997,84.7,
ESTAT:SDG_13_10(1.0),05/09/24 23:00:00,A,GHG,TOTXMEMONIA,I90,DE,1998,82.9,
ESTAT:SDG_13_10(1.0),05/09/24 23:00:00,A,GHG,TOTXMEMONIA,I90,DE,1999,80.1,
ESTAT:SDG_13_10(1.0),05/09/24 23:00:00,A,GHG,TOTXMEMONIA,I90,DE,2000,81.5,
ESTAT:SDG_13_10(1.0),05/09/24 23:00:00,A,GHG,TOTXMEMONIA,I90,DE,2001,81.9,
ESTAT:SDG_13_10(1.0),05/09/24 23:00:00,A,GHG,TOTXMEMONIA,I90,DE,2002,82.8,
ESTAT:SDG_13_10(1.0),05/09/24 23:00:00,A,GHG,TOTXMEMONIA,I90,DE,2003,81.8,
ESTAT:SDG_13_10(1.0),05/09/24 23:00:00,A,GHG,TOTXMEMONIA,I90,DE,2004,79.9,
ESTAT:SDG_13_10(1.0),05/09/24 23:00:00,A,GHG,TOTXMEMONIA,I90,DE,2005,78.7,
ESTAT:SDG_13_10(1.0),05/09/24 23:00:00,A,GHG,TOTXMEMONIA,I90,DE,2006,79.3,
ESTAT:SDG_13_10(1.0),05/09/24 23:00:00,A,GHG,TOTXMEMONIA,I90,DE,2007,76.6,
ESTAT:SDG_13_10(1.0),05/09/24 23:00:00,A,GHG,TOTXMEMONIA,I90,DE,2008,76.3,
ESTAT:SDG_13_10(1.0),05/09/24 23:00:00,A,GHG,TOTXMEMONIA,I90,DE,2009,70.6,
ESTAT:SDG_13_10(1.0),05/09/24 23:00:00,A,GHG,TOTXMEMONIA,I90,DE,2010,73.4,
ESTAT:SDG_13_10(1.0),05/09/24 23:00:00,A,GHG,TOTXMEMONIA,I90,DE,2011,71.0,
ESTAT:SDG_13_10(1.0),05/09/24 23:00:00,A,GHG,TOTXMEMONIA,I90,DE,2012,71.3,
ESTAT:SDG_13_10(1.0),05/09/24 23:00:00,A,GHG,TOTXMEMONIA,I90,DE,2013,72.8,
ESTAT:SDG_13_10(1.0),05/09/24 23:00:00,A,GHG,TOTXMEMONIA,I90,DE,2014,70.2,
ESTAT:SDG_13_10(1.0),05/09/24 23:00:00,A,GHG,TOTXMEMONIA,I90,DE,2015,70.7,
ESTAT:SDG_13_10(1.0),05/09/24 23:00:00,A,GHG,TOTXMEMONIA,I90,DE,2016,70.4,
ESTAT:SDG_13_10(1.0),05/09/24 23:00:00,A,GHG,TOTXMEMONIA,I90,DE,2017,69.7,
ESTAT:SDG_13_10(1.0),05/09/24 23:00:00,A,GHG,TOTXMEMONIA,I90,DE,2018,68.1,
ESTAT:SDG_13_10(1.0),05/09/24 23:00:00,A,GHG,TOTXMEMONIA,I90,DE,2019,63.6,
ESTAT:SDG_13_10(1.0),05/09/24 23:00:00,A,GHG,TOTXMEMONIA,I90,DE,2020,58.0,
ESTAT:SDG_13_10(1.0),05/09/24 23:00:00,A,GHG,TOTXMEMONIA,I90,DE,2021,60.2,
ESTAT:SDG_13_10(1.0),05/09/24 23:00:00,A,GHG,TOTXMEMONIA,I90,DE,2022,60.3,
ESTAT:SDG_13_10(1.0),05/09/24 23:00:00,A,GHG,TOTXMEMONIA,I90,DK,1990,100.0,
ESTAT:SDG_13_10(1.0),05/09/24 23:00:00,A,GHG,TOTXMEMONIA,I90,DK,1991,112.4,
ESTAT:SDG_13_10(1.0),05/09/24 23:00:00,A,GHG,TOTXMEMONIA,I90,DK,1992,106.3,
ESTAT:SDG_13_10(1.0),05/09/24 23:00:00,A,GHG,TOTXMEMONIA,I90,DK,1993,107.5,
ESTAT:SDG_13_10(1.0),05/09/24 23:00:00,A,GHG,TOTXMEMONIA,I90,DK,1994,112.0,
ESTAT:SDG_13_10(1.0),05/09/24 23:00:00,A,GHG,TOTXMEMONIA,I90,DK,1995,108.7,
ESTAT:SDG_13_10(1.0),05/09/24 23:00:00,A,GHG,TOTXMEMONIA,I90,DK,1996,124.2,
ESTAT:SDG_13_10(1.0),05/09/24 23:00:00,A,GHG,TOTXMEMONIA,I90,DK,1997,112.9,
ESTAT:SDG_13_10(1.0),05/09/24 23:00:00,A,GHG,TOTXMEMONIA,I90,DK,1998,108.0,
ESTAT:SDG_13_10(1.0),05/09/24 23:00:00,A,GHG,TOTXMEMONIA,I90,DK,1999,105.2,
ESTAT:SDG_13_10(1.0),05/09/24 23:00:00,A,GHG,TOTXMEMONIA,I90,DK,2000,99.5,
ESTAT:SDG_13_10(1.0),05/09/24 23:00:00,A,GHG,TOTXMEMONIA,I90,DK,2001,100.9,
ESTAT:SDG_13_10(1.0),05/09/24 23:00:00,A,GHG,TOTXMEMONIA,I90,DK,2002,101.2,
ESTAT:SDG_13_10(1.0),05/09/24 23:00:00,A,GHG,TOTXMEMONIA,I90,DK,2003,107.2,
ESTAT:SDG_13_10(1.0),05/09/24 23:00:00,A,GHG,TOTXMEMONIA,I90,DK,2004,99.8,
ESTAT:SDG_13_10(1.0),05/09/24 23:00:00,A,GHG,TOTXMEMONIA,I90,DK,2005,94.3,
ESTAT:SDG_13_10(1.0),05/09/24 23:00:00,A,GHG,TOTXMEMONIA,I90,DK,2006,104.4,
ESTAT:SDG_13_10(1.0),05/09/24 23:00:00,A,GHG,TOTXMEMONIA,I90,DK,2007,98.8,
ESTAT:SDG_13_10(1.0),05/09/24 23:00:00,A,GHG,TOTXMEMONIA,I90,DK,2008,92.5,
ESTAT:SDG_13_10(1.0),05/09/24 23:00:00,A,GHG,TOTXMEMONIA,I90,DK,2009,87.7,
ESTAT:SDG_13_10(1.0),05/09/24 23:00:00,A,GHG,TOTXMEMONIA,I90,DK,2010,86.8,
ESTAT:SDG_13_10(1.0),05/09/24 23:00:00,A,GHG,TOTXMEMONIA,I90,DK,2011,79.4,
ESTAT:SDG_13_10(1.0),05/09/24 23:00:00,A,GHG,TOTXMEMONIA,I90,DK,2012,72.9,
ESTAT:SDG_13_10(1.0),05/09/24 23:00:00,A,GHG,TOTXMEMONIA,I90,DK,2013,74.6,
ESTAT:SDG_13_10(1.0),05/09/24 23:00:00,A,GHG,TOTXMEMONIA,I90,DK,2014,69.9,
ESTAT:SDG_13_10(1.0),05/09/24 23:00:00,A,GHG,TOTXMEMONIA,I90,DK,2015,65.2,
ESTAT:SDG_13_10(1.0),05/09/24 23:00:00,A,GHG,TOTXMEMONIA,I90,DK,2016,69.1,
ESTAT:SDG_13_10(1.0),05/09/24 23:00:00,A,GHG,TOTXMEMONIA,I90,DK,2017,66.1,
ESTAT:SDG_13_10(1.0),05/09/24 23:00:00,A,GHG,TOTXMEMONIA,I90,DK,2018,68.3,
ESTAT:SDG_13_10(1.0),05/09/24 23:00:00,A,GHG,TOTXMEMONIA,I90,DK,2019,62.3,
ESTAT:SDG_13_10(1.0),05/09/24 23:00:00,A,GHG,TOTXMEMONIA,I90,DK,2020,56.0,
ESTAT:SDG_13_10(1.0),05/09/24 23:00:00,A,GHG,TOTXMEMONIA,I90,DK,2021,56.2,
ESTAT:SDG_13_10(1.0),05/09/24 23:00:00,A,GHG,TOTXMEMONIA,I90,DK,2022,54.8,
ESTAT:SDG_13_10(1.0),05/09/24 23:00:00,A,GHG,TOTXMEMONIA,I90,EE,1990,100.0,
ESTAT:SDG_13_10(1.0),05/09/24 23:00:00,A,GHG,TOTXMEMONIA,I90,EE,1991,92.2,
ESTAT:SDG_13_10(1.0),05/09/24 23:00:00,A,GHG,TOTXMEMONIA,I90,EE,1992,65.3,
ESTAT:SDG_13_10(1.0),05/09/24 23:00:00,A,GHG,TOTXMEMONIA,I90,EE,1993,47.3,
ESTAT:SDG_13_10(1.0),05/09/24 23:00:00,A,GHG,TOTXMEMONIA,I90,EE,1994,49.7,
ESTAT:SDG_13_10(1.0),05/09/24 23:00:00,A,GHG,TOTXMEMONIA,I90,EE,1995,43.1,
ESTAT:SDG_13_10(1.0),05/09/24 23:00:00,A,GHG,TOTXMEMONIA,I90,EE,1996,44.9,
ESTAT:SDG_13_10(1.0),05/09/24 23:00:00,A,GHG,TOTXMEMONIA,I90,EE,1997,43.8,
ESTAT:SDG_13_10(1.0),05/09/24 23:00:00,A,GHG,TOTXMEMONIA,I90,EE,1998,40.2,
ESTAT:SDG_13_10(1.0),05/09/24 23:00:00,A,GHG,TOTXMEMONIA,I90,EE,1999,40.1,
ESTAT:SDG_13_10(1.0),05/09/24 23:00:00,A,GHG,TOTXMEMONIA,I90,EE,2000,39.9,
ESTAT:SDG_13_10(1.0),05/09/24 23:00:00,A,GHG,TOTXMEMONIA,I90,EE,2001,42.9,
ESTAT:SDG_13_10(1.0),05/09/24 23:00:00,A,GHG,TOTXMEMONIA,I90,EE,2002,44.3,
ESTAT:SDG_13_10(1.0),05/09/24 23:00:00,A,GHG,TOTXMEMONIA,I90,EE,2003,52.1,
ESTAT:SDG_13_10(1.0),05/09/24 23:00:00,A,GHG,TOTXMEMONIA,I90,EE,2004,50.8,
ESTAT:SDG_13_10(1.0),05/09/24 23:00:00,A,GHG,TOTXMEMONIA,I90,EE,2005,46.5,
ESTAT:SDG_13_10(1.0),05/09/24 23:00:00,A,GHG,TOTXMEMONIA,I90,EE,2006,41.6,
ESTAT:SDG_13_10(1.0),05/09/24 23:00:00,A,GHG,TOTXMEMONIA,I90,EE,2007,48.0,
ESTAT:SDG_13_10(1.0),05/09/24 23:00:00,A,GHG,TOTXMEMONIA,I90,EE,2008,41.5,
ESTAT:SDG_13_10(1.0),05/09/24 23:00:00,A,GHG,TOTXMEMONIA,I90,EE,2009,29.3,
ESTAT:SDG_13_10(1.0),05/09/24 23:00:00,A,GHG,TOTXMEMONIA,I90,EE,2010,47.0,
ESTAT:SDG_13_10(1.0),05/09/24 23:00:00,A,GHG,TOTXMEMONIA,I90,EE,2011,51.3,
ESTAT:SDG_13_10(1.0),05/09/24 23:00:00,A,GHG,TOTXMEMONIA,I90,EE,2012,52.9,
ESTAT:SDG_13_10(1.0),05/09/24 23:00:00,A,GHG,TOTXMEMONIA,I90,EE,2013,61.2,
ESTAT:SDG_13_10(1.0),05/09/24 23:00:00,A,GHG,TOTXMEMONIA,I90,EE,2014,61.1,
ESTAT:SDG_13_10(1.0),05/09/24 23:00:00,A,GHG,TOTXMEMONIA,I90,EE,2015,54.0,
ESTAT:SDG_13_10(1.0),05/09/24 23:00:00,A,GHG,TOTXMEMONIA,I90,EE,2016,61.4,
ESTAT:SDG_13_10(1.0),05/09/24 23:00:00,A,GHG,TOTXMEMONIA,I90,EE,2017,64.6,
ESTAT:SDG_13_10(1.0),05/09/24 23:00:00,A,GHG,TOTXMEMONIA,I90,EE,2018,67.2,
ESTAT:SDG_13_10(1.0),05/09/24 23:00:00,A,GHG,TOTXMEMONIA,I90,EE,2019,51.2,
ESTAT:SDG_13_10(1.0),05/09/24 23:00:00,A,GHG,TOTXMEMONIA,I90,EE,2020,36.0,
ESTAT:SDG_13_10(1.0),05/09/24 23:00:00,A,GHG,TOTXMEMONIA,I90,EE,2021,38.5,
ESTAT:SDG_13_10(1.0),05/09/24 23:00:00,A,GHG,TOTXMEMONIA,I90,EE,2022,41.2,
ESTAT:SDG_13_10(1.0),05/09/24 23:00:00,A,GHG,TOTXMEMONIA,I90,EL,1990,100.0,
ESTAT:SDG_13_10(1.0),05/09/24 23:00:00,A,GHG,TOTXMEMONIA,I90,EL,1991,99.6,
ESTAT:SDG_13_10(1.0),05/09/24 23:00:00,A,GHG,TOTXMEMONIA,I90,EL,1992,100.7,
ESTAT:SDG_13_10(1.0),05/09/24 23:00:00,A,GHG,TOTXMEMONIA,I90,EL,1993,99.9,
ESTAT:SDG_13_10(1.0),05/09/24 23:00:00,A,GHG,TOTXMEMONIA,I90,EL,1994,103.1,
ESTAT:SDG_13_10(1.0),05/09/24 23:00:00,A,GHG,TOTXMEMONIA,I90,EL,1995,104.8,
ESTAT:SDG_13_10(1.0),05/09/24 23:00:00,A,GHG,TOTXMEMONIA,I90,EL,1996,108.2,
ESTAT:SDG_13_10(1.0),05/09/24 23:00:00,A,GHG,TOTXMEMONIA,I90,EL,1997,113.0,
ESTAT:SDG_13_10(1.0),05/09/24 23:00:00,A,GHG,TOTXMEMONIA,I90,EL,1998,118.4,
ESTAT:SDG_13_10(1.0),05/09/24 23:00:00,A,GHG,TOTXMEMONIA,I90,EL,1999,118.2,
ESTAT:SDG_13_10(1.0),05/09/24 23:00:00,A,GHG,TOTXMEMONIA,I90,EL,2000,121.6,
ESTAT:SDG_13_10(1.0),05/09/24 23:00:00,A,GHG,TOTXMEMONIA,I90,EL,2001,122.3,
ESTAT:SDG_13_10(1.0),05/09/24 23:00:00,A,GHG,TOTXMEMONIA,I90,EL,2002,122.0,
ESTAT:SDG_13_10(1.0),05/09/24 23:00:00,A,GHG,TOTXMEMONIA,I90,EL,2003,126.6,
ESTAT:SDG_13_10(1.0),05/09/24 23:00:00,A,GHG,TOTXMEMONIA,I90,EL,2004,127.3,
ESTAT:SDG_13_10(1.0),05/09/24 23:00:00,A,GHG,TOTXMEMONIA,I90,EL,2005,130.3,
ESTAT:SDG_13_10(1.0),05/09/24 23:00:00,A,GHG,TOTXMEMONIA,I90,EL,2006,127.1,
ESTAT:SDG_13_10(1.0),05/09/24 23:00:00,A,GHG,TOTXMEMONIA,I90,EL,2007,131.1,
ESTAT:SDG_13_10(1.0),05/09/24 23:00:00,A,GHG,TOTXMEMONIA,I90,EL,2008,126.8,
ESTAT:SDG_13_10(1.0),05/09/24 23:00:00,A,GHG,TOTXMEMONIA,I90,EL,2009,119.6,
ESTAT:SDG_13_10(1.0),05/09/24 23:00:00,A,GHG,TOTXMEMONIA,I90,EL,2010,113.7,
ESTAT:SDG_13_10(1.0),05/09/24 23:00:00,A,GHG,TOTXMEMONIA,I90,EL,2011,110.8,
ESTAT:SDG_13_10(1.0),05/09/24 23:00:00,A,GHG,TOTXMEMONIA,I90,EL,2012,107.3,
ESTAT:SDG_13_10(1.0),05/09/24 23:00:00,A,GHG,TOTXMEMONIA,I90,EL,2013,99.6,
ESTAT:SDG_13_10(1.0),05/09/24 23:00:00,A,GHG,TOTXMEMONIA,I90,EL,2014,98.0,
ESTAT:SDG_13_10(1.0),05/09/24 23:00:00,A,GHG,TOTXMEMONIA,I90,EL,2015,90.9,
ESTAT:SDG_13_10(1.0),05/09/24 23:00:00,A,GHG,TOTXMEMONIA,I90,EL,2016,87.7,
ESTAT:SDG_13_10(1.0),05/09/24 23:00:00,A,GHG,TOTXMEMONIA,I90,EL,2017,92.0,
ESTAT:SDG_13_10(1.0),05/09/24 23:00:00,A,GHG,TOTXMEMONIA,I90,EL,2018,88.5,
ESTAT:SDG_13_10(1.0),05/09/24 23:00:00,A,GHG,TOTXMEMONIA,I90,EL,2019,81.7,
ESTAT:SDG_13_10(1.0),05/09/24 23:00:00,A,GHG,TOTXMEMONIA,I90,EL,2020,69.1,
ESTAT:SDG_13_10(1.0),05/09/24 23:00:00,A,GHG,TOTXMEMONIA,I90,EL,2021,72.5,
ESTAT:SDG_13_10(1.0),05/09/24 23:00:00,A,GHG,TOTXMEMONIA,I90,EL,2022,73.8,
ESTAT:SDG_13_10(1.0),05/09/24 23:00:00,A,GHG,TOTXMEMONIA,I90,ES,1990,100.0,
ESTAT:SDG_13_10(1.0),05/09/24 23:00:00,A,GHG,TOTXMEMONIA,I90,ES,1991,103.2,
ESTAT:SDG_13_10(1.0),05/09/24 23:00:00,A,GHG,TOTXMEMONIA,I90,ES,1992,107.0,
ESTAT:SDG_13_10(1.0),05/09/24 23:00:00,A,GHG,TOTXMEMONIA,I90,ES,1993,102.6,
ESTAT:SDG_13_10(1.0),05/09/24 23:00:00,A,GHG,TOTXMEMONIA,I90,ES,1994,109.4,
ESTAT:SDG_13_10(1.0),05/09/24 23:00:00,A,GHG,TOTXMEMONIA,I90,ES,1995,115.0,
ESTAT:SDG_13_10(1.0),05/09/24 23:00:00,A,GHG,TOTXMEMONIA,I90,ES,1996,111.6,
ESTAT:SDG_13_10(1.0),05/09/24 23:00:00,A,GHG,TOTXMEMONIA,I90,ES,1997,117.3,
ESTAT:SDG_13_10(1.0),05/09/24 23:00:00,A,GHG,TOTXMEMONIA,I90,ES,1998,120.9,
ESTAT:SDG_13_10(1.0),05/09/24 23:00:00,A,GHG,TOTXMEMONIA,I90,ES,1999,130.0,
ESTAT:SDG_13_10(1.0),05/09/24 23:00:00,A,GHG,TOTXMEMONIA,I90,ES,2000,135.3,
ESTAT:SDG_13_10(1.0),05/09/24 23:00:00,A,GHG,TOTXMEMONIA,I90,ES,2001,134.1,
ESTAT:SDG_13_10(1.0),05/09/24 23:00:00,A,GHG,TOTXMEMONIA,I90,ES,2002,141.5,
ESTAT:SDG_13_10(1.0),05/09/24 23:00:00,A,GHG,TOTXMEMONIA,I90,ES,2003,144.6,
ESTAT:SDG_13_10(1.0),05/09/24 23:00:00,A,GHG,TOTXMEMONIA,I90,ES,2004,150.5,
ESTAT:SDG_13_10(1.0),05/09/24 23:00:00,A,GHG,TOTXMEMONIA,I90,ES,2005,156.3,
ESTAT:SDG_13_10(1.0),05/09/24 23:00:00,A,GHG,TOTXMEMONIA,I90,ES,2006,153.3,
ESTAT:SDG_13_10(1.0),05/09/24 23:00:00,A,GHG,TOTXMEMONIA,I90,ES,2007,158.8,
ESTAT:SDG_13_10(1.0),05/09/24 23:00:00,A,GHG,TOTXMEMONIA,I90,ES,2008,145.8,
ESTAT:SDG_13_10(1.0),05/09/24 23:00:00,A,GHG,TOTXMEMONIA,I90,ES,2009,131.1,
ESTAT:SDG_13_10(1.0),05/09/24 23:00:00,A,GHG,TOTXMEMONIA,I90,ES,2010,124.5,
ESTAT:SDG_13_10(1.0),05/09/24 23:00:00,A,GHG,TOTXMEMONIA,I90,ES,2011,125.1,
ESTAT:SDG_13_10(1.0),05/09/24 23:00:00,A,GHG,TOTXMEMONIA,I90,ES,2012,123.1,
ESTAT:SDG_13_10(1.0),05/09/24 23:00:00,A,GHG,TOTXMEMONIA,I90,ES,2013,113.0,
ESTAT:SDG_13_10(1.0),05/09/24 23:00:00,A,GHG,TOTXMEMONIA,I90,ES,2014,113.0,
ESTAT:SDG_13_10(1.0),05/09/24 23:00:00,A,GHG,TOTXMEMONIA,I90,ES,2015,116.6,
ESTAT:SDG_13_10(1.0),05/09/24 23:00:00,A,GHG,TOTXMEMONIA,I90,ES,2016,112.5,
ESTAT:SDG_13_10(1.0),05/09/24 23:00:00,A,GHG,TOTXMEMONIA,I90,ES,2017,117.9,
ESTAT:SDG_13_10(1.0),05/09/24 23:00:00,A,GHG,TOTXMEMONIA,I90,ES,2018,115.6,
ESTAT:SDG_13_10(1.0),05/09/24 23:00:00,A,GHG,TOTXMEMONIA,I90,ES,2019,108.9,
ESTAT:SDG_13_10(1.0),05/09/24 23:00:00,A,GHG,TOTXMEMONIA,I90,ES,2020,89.3,
ESTAT:SDG_13_10(1.0),05/09/24 23:00:00,A,GHG,TOTXMEMONIA,I90,ES,2021,96.6,
ESTAT:SDG_13_10(1.0),05/09/24 23:00:00,A,GHG,TOTXMEMONIA,I90,ES,2022,101.4,
ESTAT:SDG_13_10(1.0),05/09/24 23:00:00,A,GHG,TOTXMEMONIA,I90,EU27_2020,1990,100.0,
ESTAT:SDG_13_10(1.0),05/09/24 23:00:00,A,GHG,TOTXMEMONIA,I90,EU27_2020,1991,95.6,
ESTAT:SDG_13_10(1.0),05/09/24 23:00:00,A,GHG,TOTXMEMONIA,I90,EU27_2020,1992,93.1,
ESTAT:SDG_13_10(1.0),05/09/24 23:00:00,A,GHG,TOTXMEMONIA,I90,EU27_2020,1993,91.1,
ESTAT:SDG_13_10(1.0),05/09/24 23:00:00,A,GHG,TOTXMEMONIA,I90,EU27_2020,1994,90.9,
ESTAT:SDG_13_10(1.0),05/09/24 23:00:00,A,GHG,TOTXMEMONIA,I90,EU27_2020,1995,91.6,
ESTAT:SDG_13_10(1.0),05/09/24 23:00:00,A,GHG,TOTXMEMONIA,I90,EU27_2020,1996,93.0,
ESTAT:SDG_13_10(1.0),05/09/24 23:00:00,A,GHG,TOTXMEMONIA,I90,EU27_2020,1997,91.7,
ESTAT:SDG_13_10(1.0),05/09/24 23:00:00,A,GHG,TOTXMEMONIA,I90,EU27_2020,1998,90.7,
ESTAT:SDG_13_10(1.0),05/09/24 23:00:00,A,GHG,TOTXMEMONIA,I90,EU27_2020,1999,89.0,
ESTAT:SDG_13_10(1.0),05/09/24 23:00:00,A,GHG,TOTXMEMONIA,I90,EU27_2020,2000,89.9,
ESTAT:SDG_13_10(1.0),05/09/24 23:00:00,A,GHG,TOTXMEMONIA,I90,EU27_2020,2001,89.9,
ESTAT:SDG_13_10(1.0),05/09/24 23:00:00,A,GHG,TOTXMEMONIA,I90,EU27_2020,2002,90.2,
ESTAT:SDG_13_10(1.0),05/09/24 23:00:00,A,GHG,TOTXMEMONIA,I90,EU27_2020,2003,92.1,
ESTAT:SDG_13_10(1.0),05/09/24 23:00:00,A,GHG,TOTXMEMONIA,I90,EU27_2020,2004,91.4,
ESTAT:SDG_13_10(1.0),05/09/24 23:00:00,A,GHG,TOTXMEMONIA,I90,EU27_2020,2005,91.2,
ESTAT:SDG_13_10(1.0),05/09/24 23:00:00,A,GHG,TOTXMEMONIA,I90,EU27_2020,2006,91.3,
ESTAT:SDG_13_10(1.0),05/09/24 23:00:00,A,GHG,TOTXMEMONIA,I90,EU27_2020,2007,91.4,
ESTAT:SDG_13_10(1.0),05/09/24 23:00:00,A,GHG,TOTXMEMONIA,I90,EU27_2020,2008,88.5,
ESTAT:SDG_13_10(1.0),05/09/24 23:00:00,A,GHG,TOTXMEMONIA,I90,EU27_2020,2009,81.7,
ESTAT:SDG_13_10(1.0),05/09/24 23:00:00,A,GHG,TOTXMEMONIA,I90,EU27_2020,2010,83.4,
ESTAT:SDG_13_10(1.0),05/09/24 23:00:00,A,GHG,TOTXMEMONIA,I90,EU27_2020,2011,81.2,
ESTAT:SDG_13_10(1.0),05/09/24 23:00:00,A,GHG,TOTXMEMONIA,I90,EU27_2020,2012,79.8,
ESTAT:SDG_13_10(1.0),05/09/24 23:00:00,A,GHG,TOTXMEMONIA,I90,EU27_2020,2013,77.7,
ESTAT:SDG_13_10(1.0),05/09/24 23:00:00,A,GHG,TOTXMEMONIA,I90,EU27_2020,2014,75.1,
ESTAT:SDG_13_10(1.0),05/09/24 23:00:00,A,GHG,TOTXMEMONIA,I90,EU27_2020,2015,76.4,
ESTAT:SDG_13_10(1.0),05/09/24 23:00:00,A,GHG,TOTXMEMONIA,I90,EU27_2020,2016,76.6,
ESTAT:SDG_13_10(1.0),05/09/24 23:00:00,A,GHG,TOTXMEMONIA,I90,EU27_2020,2017,78.7,
ESTAT:SDG_13_10(1.0),05/09/24 23:00:00,A,GHG,TOTXMEMONIA,I90,EU27_2020,2018,77.0,
ESTAT:SDG_13_10(1.0),05/09/24 23:00:00,A,GHG,TOTXMEMONIA,I90,EU27_2020,2019,73.9,
ESTAT:SDG_13_10(1.0),05/09/24 23:00:00,A,GHG,TOTXMEMONIA,I90,EU27_2020,2020,66.1,
ESTAT:SDG_13_10(1.0),05/09/24 23:00:00,A,GHG,TOTXMEMONIA,I90,EU27_2020,2021,69.9,
ESTAT:SDG_13_10(1.0),05/09/24 23:00:00,A,GHG,TOTXMEMONIA,I90,EU27_2020,2022,69.0,
ESTAT:SDG_13_10(1.0),05/09/24 23:00:00,A,GHG,TOTXMEMONIA,I90,FI,1990,100.0,
ESTAT:SDG_13_10(1.0),05/09/24 23:00:00,A,GHG,TOTXMEMONIA,I90,FI,1991,70.4,
ESTAT:SDG_13_10(1.0),05/09/24 23:00:00,A,GHG,TOTXMEMONIA,I90,FI,1992,79.7,
ESTAT:SDG_13_10(1.0),05/09/24 23:00:00,A,GHG,TOTXMEMONIA,I90,FI,1993,82.7,
ESTAT:SDG_13_10(1.0),05/09/24 23:00:00,A,GHG,TOTXMEMONIA,I90,FI,1994,108.0,
ESTAT:SDG_13_10(1.0),05/09/24 23:00:00,A,GHG,TOTXMEMONIA,I90,FI,1995,103.3,
ESTAT:SDG_13_10(1.0),05/09/24 23:00:00,A,GHG,TOTXMEMONIA,I90,FI,1996,102.8,
ESTAT:SDG_13_10(1.0),05/09/24 23:00:00,A,GHG,TOTXMEMONIA,I90,FI,1997,109.6,
ESTAT:SDG_13_10(1.0),05/09/24 23:00:00,A,GHG,TOTXMEMONIA,I90,FI,1998,106.3,
ESTAT:SDG_13_10(1.0),05/09/24 23:00:00,A,GHG,TOTXMEMONIA,I90,FI,1999,104.7,
ESTAT:SDG_13_10(1.0),05/09/24 23:00:00,A,GHG,TOTXMEMONIA,I90,FI,2000,101.8,
ESTAT:SDG_13_10(1.0),05/09/24 23:00:00,A,GHG,TOTXMEMONIA,I90,FI,2001,111.4,
ESTAT:SDG_13_10(1.0),05/09/24 23:00:00,A,GHG,TOTXMEMONIA,I90,FI,2002,114.0,
ESTAT:SDG_13_10(1.0),05/09/24 23:00:00,A,GHG,TOTXMEMONIA,I90,FI,2003,128.7,
ESTAT:SDG_13_10(1.0),05/09/24 23:00:00,A,GHG,TOTXMEMONIA,I90,FI,2004,118.5,
ESTAT:SDG_13_10(1.0),05/09/24 23:00:00,A,GHG,TOTXMEMONIA,I90,FI,2005,93.9,
ESTAT:SDG_13_10(1.0),05/09/24 23:00:00,A,GHG,TOTXMEMONIA,I90,FI,2006,109.4,
ESTAT:SDG_13_10(1.0),05/09/24 23:00:00,A,GHG,TOTXMEMONIA,I90,FI,2007,126.1,
ESTAT:SDG_13_10(1.0),05/09/24 23:00:00,A,GHG,TOTXMEMONIA,I90,FI,2008,104.5,
ESTAT:SDG_13_10(1.0),05/09/24 23:00:00,A,GHG,TOTXMEMONIA,I90,FI,2009,71.8,
ESTAT:SDG_13_10(1.0),05/09/24 23:00:00,A,GHG,TOTXMEMONIA,I90,FI,2010,111.4,
ESTAT:SDG_13_10(1.0),05/09/24 23:00:00,A,GHG,TOTXMEMONIA,I90,FI,2011,97.8,
ESTAT:SDG_13_10(1.0),05/09/24 23:00:00,A,GHG,TOTXMEMONIA,I90,FI,2012,82.9,
ESTAT:SDG_13_10(1.0),05/09/24 23:00:00,A,GHG,TOTXMEMONIA,I90,FI,2013,97.7,
ESTAT:SDG_13_10(1.0),05/09/24 23:00:00,A,GHG,TOTXMEMONIA,I90,FI,2014,87.2,
ESTAT:SDG_13_10(1.0),05/09/24 23:00:00,A,GHG,TOTXMEMONIA,I90,FI,2015,89.1,
ESTAT:SDG_13_10(1.0),05/09/24 23:00:00,A,GHG,TOTXMEMONIA,I90,FI,2016,102.3,
ESTAT:SDG_13_10(1.0),05/09/24 23:00:00,A,GHG,TOTXMEMONIA,I90,FI,2017,101.9,
ESTAT:SDG_13_10(1.0),05/09/24 23:00:00,A,GHG,TOTXMEMONIA,I90,FI,2018,123.4,
ESTAT:SDG_13_10(1.0),05/09/24 23:00:00,A,GHG,TOTXMEMONIA,I90,FI,2019,105.8,
ESTAT:SDG_13_10(1.0),05/09/24 23:00:00,A,GHG,TOTXMEMONIA,I90,FI,2020,87.8,
ESTAT:SDG_13_10(1.0),05/09/24 23:00:00,A,GHG,TOTXMEMONIA,I90,FI,2021,105.6,
ESTAT:SDG_13_10(1.0),05/09/24 23:00:00,A,GHG,TOTXMEMONIA,I90,FI,2022,105.3,
ESTAT:SDG_13_10(1.0),05/09/24 23:00:00,A,GHG,TOTXMEMONIA,I90,FR,1990,100.0,
ESTAT:SDG_13_10(1.0),05/09/24 23:00:00,A,GHG,TOTXMEMONIA,I90,FR,1991,104.7,
ESTAT:SDG_13_10(1.0),05/09/24 23:00:00,A,GHG,TOTXMEMONIA,I90,FR,1992,103.3,
ESTAT:SDG_13_10(1.0),05/09/24 23:00:00,A,GHG,TOTXMEMONIA,I90,FR,1993,98.5,
ESTAT:SDG_13_10(1.0),05/09/24 23:00:00,A,GHG,TOTXMEMONIA,I90,FR,1994,97.4,
ESTAT:SDG_13_10(1.0),05/09/24 23:00:00,A,GHG,TOTXMEMONIA,I90,FR,1995,98.0,
ESTAT:SDG_13_10(1.0),05/09/24 23:00:00,A,GHG,TOTXMEMONIA,I90,FR,1996,100.1,
ESTAT:SDG_13_10(1.0),05/09/24 23:00:00,A,GHG,TOTXMEMONIA,I90,FR,1997,98.5,
ESTAT:SDG_13_10(1.0),05/09/24 23:00:00,A,GHG,TOTXMEMONIA,I90,FR,1998,100.6,
ESTAT:SDG_13_10(1.0),05/09/24 23:00:00,A,GHG,TOTXMEMONIA,I90,FR,1999,99.0,
ESTAT:SDG_13_10(1.0),05/09/24 23:00:00,A,GHG,TOTXMEMONIA,I90,FR,2000,101.2,
ESTAT:SDG_13_10(1.0),05/09/24 23:00:00,A,GHG,TOTXMEMONIA,I90,FR,2001,99.4,
ESTAT:SDG_13_10(1.0),05/09/24 23:00:00,A,GHG,TOTXMEMONIA,I90,FR,2002,96.4,
ESTAT:SDG_13_10(1.0),05/09/24 23:00:00,A,GHG,TOTXMEMONIA,I90,FR,2003,96.4,
ESTAT:SDG_13_10(1.0),05/09/24 23:00:00,A,GHG,TOTXMEMONIA,I90,FR,2004,96.2,
ESTAT:SDG_13_10(1.0),05/09/24 23:00:00,A,GHG,TOTXMEMONIA,I90,FR,2005,96.7,
ESTAT:SDG_13_10(1.0),05/09/24 23:00:00,A,GHG,TOTXMEMONIA,I90,FR,2006,95.0,
ESTAT:SDG_13_10(1.0),05/09/24 23:00:00,A,GHG,TOTXMEMONIA,I90,FR,2007,94.0,
ESTAT:SDG_13_10(1.0),05/09/24 23:00:00,A,GHG,TOTXMEMONIA,I90,FR,2008,93.2,
ESTAT:SDG_13_10(1.0),05/09/24 23:00:00,A,GHG,TOTXMEMONIA,I90,FR,2009,91.2,
ESTAT:SDG_13_10(1.0),05/09/24 23:00:00,A,GHG,TOTXMEMONIA,I90,FR,2010,91.6,
ESTAT:SDG_13_10(1.0),05/09/24 23:00:00,A,GHG,TOTXMEMONIA,I90,FR,2011,86.8,
ESTAT:SDG_13_10(1.0),05/09/24 23:00:00,A,GHG,TOTXMEMONIA,I90,FR,2012,86.4,
ESTAT:SDG_13_10(1.0),05/09/24 23:00:00,A,GHG,TOTXMEMONIA,I90,FR,2013,85.4,
ESTAT:SDG_13_10(1.0),05/09/24 23:00:00,A,GHG,TOTXMEMONIA,I90,FR,2014,80.5,
ESTAT:SDG_13_10(1.0),05/09/24 23:00:00,A,GHG,TOTXMEMONIA,I90,FR,2015,82.0,
ESTAT:SDG_13_10(1.0),05/09/24 23:00:00,A,GHG,TOTXMEMONIA,I90,FR,2016,83.4,
ESTAT:SDG_13_10(1.0),05/09/24 23:00:00,A,GHG,TOTXMEMONIA,I90,FR,2017,86.0,
ESTAT:SDG_13_10(1.0),05/09/24 23:00:00,A,GHG,TOTXMEMONIA,I90,FR,2018,81.6,
ESTAT:SDG_13_10(1.0),05/09/24 23:00:00,A,GHG,TOTXMEMONIA,I90,FR,2019,81.0,
ESTAT:SDG_13_10(1.0),05/09/24 23:00:00,A,GHG,TOTXMEMONIA,I90,FR,2020,70.9,
ESTAT:SDG_13_10(1.0),05/09/24 23:00:00,A,GHG,TOTXMEMONIA,I90,FR,2021,75.7,
ESTAT:SDG_13_10(1.0),05/09/24 23:00:00,A,GHG,TOTXMEMONIA,I90,FR,2022,73.7,
ESTAT:SDG_13_10(1.0),05/09/24 23:00:00,A,GHG,TOTXMEMONIA,I90,HR,1990,100.0,
ESTAT:SDG_13_10(1.0),05/09/24 23:00:00,A,GHG,TOTXMEMONIA,I90,HR,1991,69.1,
ESTAT:SDG_13_10(1.0),05/09/24 23:00:00,A,GHG,TOTXMEMONIA,I90,HR,1992,61.5,
ESTAT:SDG_13_10(1.0),05/09/24 23:00:00,A,GHG,TOTXMEMONIA,I90,HR,1993,61.3,
ESTAT:SDG_13_10(1.0),05/09/24 23:00:00,A,GHG,TOTXMEMONIA,I90,HR,1994,57.2,
ESTAT:SDG_13_10(1.0),05/09/24 23:00:00,A,GHG,TOTXMEMONIA,I90,HR,1995,57.9,
ESTAT:SDG_13_10(1.0),05/09/24 23:00:00,A,GHG,TOTXMEMONIA,I90,HR,1996,61.1,
ESTAT:SDG_13_10(1.0),05/09/24 23:00:00,A,GHG,TOTXMEMONIA,I90,HR,1997,68.9,
ESTAT:SDG_13_10(1.0),05/09/24 23:00:00,A,GHG,TOTXMEMONIA,I90,HR,1998,70.3,
ESTAT:SDG_13_10(1.0),05/09/24 23:00:00,A,GHG,TOTXMEMONIA,I90,HR,1999,72.4,
ESTAT:SDG_13_10(1.0),05/09/24 23:00:00,A,GHG,TOTXMEMONIA,I90,HR,2000,76.4,
ESTAT:SDG_13_10(1.0),05/09/24 23:00:00,A,GHG,TOTXMEMONIA,I90,HR,2001,76.2,
ESTAT:SDG_13_10(1.0),05/09/24 23:00:00,A,GHG,TOTXMEMONIA,I90,HR,2002,79.4,
ESTAT:SDG_13_10(1.0),05/09/24 23:00:00,A,GHG,TOTXMEMONIA,I90,HR,2003,88.1,
ESTAT:SDG_13_10(1.0),05/09/24 23:00:00,A,GHG,TOTXMEMONIA,I90,HR,2004,86.9,
ESTAT:SDG_13_10(1.0),05/09/24 23:00:00,A,GHG,TOTXMEMONIA,I90,HR,2005,88.1,
ESTAT:SDG_13_10(1.0),05/09/24 23:00:00,A,GHG,TOTXMEMONIA,I90,HR,2006,90.5,
ESTAT:SDG_13_10(1.0),05/09/24 23:00:00,A,GHG,TOTXMEMONIA,I90,HR,2007,100.7,
ESTAT:SDG_13_10(1.0),05/09/24 23:00:00,A,GHG,TOTXMEMONIA,I90,HR,2008,96.7,
ESTAT:SDG_13_10(1.0),05/09/24 23:00:00,A,GHG,TOTXMEMONIA,I90,HR,2009,88.3,
ESTAT:SDG_13_10(1.0),05/09/24 23:00:00,A,GHG,TOTXMEMONIA,I90,HR,2010,87.5,
ESTAT:SDG_13_10(1.0),05/09/24 23:00:00,A,GHG,TOTXMEMONIA,I90,HR,2011,91.7,
ESTAT:SDG_13_10(1.0),05/09/24 23:00:00,A,GHG,TOTXMEMONIA,I90,HR,2012,87.1,
ESTAT:SDG_13_10(1.0),05/09/24 23:00:00,A,GHG,TOTXMEMONIA,I90,HR,2013,79.1,
ESTAT:SDG_13_10(1.0),05/09/24 23:00:00,A,GHG,TOTXMEMONIA,I90,HR,2014,77.1,
ESTAT:SDG_13_10(1.0),05/09/24 23:00:00,A,GHG,TOTXMEMONIA,I90,HR,2015,80.1,
ESTAT:SDG_13_10(1.0),05/09/24 23:00:00,A,GHG,TOTXMEMONIA,I90,HR,2016,81.0,
ESTAT:SDG_13_10(1.0),05/09/24 23:00:00,A,GHG,TOTXMEMONIA,I90,HR,2017,87.7,
ESTAT:SDG_13_10(1.0),05/09/24 23:00:00,A,GHG,TOTXMEMONIA,I90,HR,2018,81.6,
ESTAT:SDG_13_10(1.0),05/09/24 23:00:00,A,GHG,TOTXMEMONIA,I90,HR,2019,81.0,
ESTAT:SDG_13_10(1.0),05/09/24 23:00:00,A,GHG,TOTXMEMONIA,I90,HR,2020,75.5,
ESTAT:SDG_13_10(1.0),05/09/24 23:00:00,A,GHG,TOTXMEMONIA,I90,HR,2021,77.2,
ESTAT:SDG_13_10(1.0),05/09/24 23:00:00,A,GHG,TOTXMEMONIA,I90,HR,2022,81.7,
ESTAT:SDG_13_10(1.0),05/09/24 23:00:00,A,GHG,TOTXMEMONIA,I90,HU,1990,100.0,
ESTAT:SDG_13_10(1.0),05/09/24 23:00:00,A,GHG,TOTXMEMONIA,I90,HU,1991,94.1,
ESTAT:SDG_13_10(1.0),05/09/24 23:00:00,A,GHG,TOTXMEMONIA,I90,HU,1992,82.6,
ESTAT:SDG_13_10(1.0),05/09/24 23:00:00,A,GHG,TOTXMEMONIA,I90,HU,1993,80.2,
ESTAT:SDG_13_10(1.0),05/09/24 23:00:00,A,GHG,TOTXMEMONIA,I90,HU,1994,79.2,
ESTAT:SDG_13_10(1.0),05/09/24 23:00:00,A,GHG,TOTXMEMONIA,I90,HU,1995,77.9,
ESTAT:SDG_13_10(1.0),05/09/24 23:00:00,A,GHG,TOTXMEMONIA,I90,HU,1996,84.4,
ESTAT:SDG_13_10(1.0),05/09/24 23:00:00,A,GHG,TOTXMEMONIA,I90,HU,1997,82.3,
ESTAT:SDG_13_10(1.0),05/09/24 23:00:00,A,GHG,TOTXMEMONIA,I90,HU,1998,80.7,
ESTAT:SDG_13_10(1.0),05/09/24 23:00:00,A,GHG,TOTXMEMONIA,I90,HU,1999,83.5,
ESTAT:SDG_13_10(1.0),05/09/24 23:00:00,A,GHG,TOTXMEMONIA,I90,HU,2000,81.4,
ESTAT:SDG_13_10(1.0),05/09/24 23:00:00,A,GHG,TOTXMEMONIA,I90,HU,2001,81.5,
ESTAT:SDG_13_10(1.0),05/09/24 23:00:00,A,GHG,TOTXMEMONIA,I90,HU,2002,80.5,
ESTAT:SDG_13_10(1.0),05/09/24 23:00:00,A,GHG,TOTXMEMONIA,I90,HU,2003,81.1,
ESTAT:SDG_13_10(1.0),05/09/24 23:00:00,A,GHG,TOTXMEMONIA,I90,HU,2004,81.0,
ESTAT:SDG_13_10(1.0),05/09/24 23:00:00,A,GHG,TOTXMEMONIA,I90,HU,2005,78.2,
ESTAT:SDG_13_10(1.0),05/09/24 23:00:00,A,GHG,TOTXMEMONIA,I90,HU,2006,78.6,
ESTAT:SDG_13_10(1.0),05/09/24 23:00:00,A,GHG,TOTXMEMONIA,I90,HU,2007,76.5,
ESTAT:SDG_13_10(1.0),05/09/24 23:00:00,A,GHG,TOTXMEMONIA,I90,HU,2008,72.4,
ESTAT:SDG_13_10(1.0),05/09/24 23:00:00,A,GHG,TOTXMEMONIA,I90,HU,2009,67.3,
ESTAT:SDG_13_10(1.0),05/09/24 23:00:00,A,GHG,TOTXMEMONIA,I90,HU,2010,67.7,
ESTAT:SDG_13_10(1.0),05/09/24 23:00:00,A,GHG,TOTXMEMONIA,I90,HU,2011,66.6,
ESTAT:SDG_13_10(1.0),05/09/24 23:00:00,A,GHG,TOTXMEMONIA,I90,HU,2012,62.1,
ESTAT:SDG_13_10(1.0),05/09/24 23:00:00,A,GHG,TOTXMEMONIA,I90,HU,2013,59.6,
ESTAT:SDG_13_10(1.0),05/09/24 23:00:00,A,GHG,TOTXMEMONIA,I90,HU,2014,58.9,
ESTAT:SDG_13_10(1.0),05/09/24 23:00:00,A,GHG,TOTXMEMONIA,I90,HU,2015,61.8,
ESTAT:SDG_13_10(1.0),05/09/24 23:00:00,A,GHG,TOTXMEMONIA,I90,HU,2016,63.6,
ESTAT:SDG_13_10(1.0),05/09/24 23:00:00,A,GHG,TOTXMEMONIA,I90,HU,2017,65.4,
ESTAT:SDG_13_10(1.0),05/09/24 23:00:00,A,GHG,TOTXMEMONIA,I90,HU,2018,66.1,
ESTAT:SDG_13_10(1.0),05/09/24 23:00:00,A,GHG,TOTXMEMONIA,I90,HU,2019,65.2,
ESTAT:SDG_13_10(1.0),05/09/24 23:00:00,A,GHG,TOTXMEMONIA,I90,HU,2020,60.6,
ESTAT:SDG_13_10(1.0),05/09/24 23:00:00,A,GHG,TOTXMEMONIA,I90,HU,2021,61.7,
ESTAT:SDG_13_10(1.0),05/09/24 23:00:00,A,GHG,TOTXMEMONIA,I90,HU,2022,58.1,
ESTAT:SDG_13_10(1.0),05/09/24 23:00:00,A,GHG,TOTXMEMONIA,I90,IE,1990,100.0,
ESTAT:SDG_13_10(1.0),05/09/24 23:00:00,A,GHG,TOTXMEMONIA,I90,IE,1991,101.3,
ESTAT:SDG_13_10(1.0),05/09/24 23:00:00,A,GHG,TOTXMEMONIA,I90,IE,1992,100.8,
ESTAT:SDG_13_10(1.0),05/09/24 23:00:00,A,GHG,TOTXMEMONIA,I90,IE,1993,103.0,
ESTAT:SDG_13_10(1.0),05/09/24 23:00:00,A,GHG,TOTXMEMONIA,I90,IE,1994,105.3,
ESTAT:SDG_13_10(1.0),05/09/24 23:00:00,A,GHG,TOTXMEMONIA,I90,IE,1995,109.3,
ESTAT:SDG_13_10(1.0),05/09/24 23:00:00,A,GHG,TOTXMEMONIA,I90,IE,1996,112.3,
ESTAT:SDG_13_10(1.0),05/09/24 23:00:00,A,GHG,TOTXMEMONIA,I90,IE,1997,113.8,
ESTAT:SDG_13_10(1.0),05/09/24 23:00:00,A,GHG,TOTXMEMONIA,I90,IE,1998,118.1,
ESTAT:SDG_13_10(1.0),05/09/24 23:00:00,A,GHG,TOTXMEMONIA,I90,IE,1999,120.6,
ESTAT:SDG_13_10(1.0),05/09/24 23:00:00,A,GHG,TOTXMEMONIA,I90,IE,2000,125.7,
ESTAT:SDG_13_10(1.0),05/09/24 23:00:00,A,GHG,TOTXMEMONIA,I90,IE,2001,131.9,
ESTAT:SDG_13_10(1.0),05/09/24 23:00:00,A,GHG,TOTXMEMONIA,I90,IE,2002,128.4,
ESTAT:SDG_13_10(1.0),05/09/24 23:00:00,A,GHG,TOTXMEMONIA,I90,IE,2003,130.1,
ESTAT:SDG_13_10(1.0),05/09/24 23:00:00,A,GHG,TOTXMEMONIA,I90,IE,2004,126.6,
ESTAT:SDG_13_10(1.0),05/09/24 23:00:00,A,GHG,TOTXMEMONIA,I90,IE,2005,130.3,
ESTAT:SDG_13_10(1.0),05/09/24 23:00:00,A,GHG,TOTXMEMONIA,I90,IE,2006,130.1,
ESTAT:SDG_13_10(1.0),05/09/24 23:00:00,A,GHG,TOTXMEMONIA,I90,IE,2007,126.9,
ESTAT:SDG_13_10(1.0),05/09/24 23:00:00,A,GHG,TOTXMEMONIA,I90,IE,2008,124.5,
ESTAT:SDG_13_10(1.0),05/09/24 23:00:00,A,GHG,TOTXMEMONIA,I90,IE,2009,113.5,
ESTAT:SDG_13_10(1.0),05/09/24 23:00:00,A,GHG,TOTXMEMONIA,I90,IE,2010,114.7,
ESTAT:SDG_13_10(1.0),05/09/24 23:00:00,A,GHG,TOTXMEMONIA,I90,IE,2011,106.0,
ESTAT:SDG_13_10(1.0),05/09/24 23:00:00,A,GHG,TOTXMEMONIA,I90,IE,2012,105.7,
ESTAT:SDG_13_10(1.0),05/09/24 23:00:00,A,GHG,TOTXMEMONIA,I90,IE,2013,107.0,
ESTAT:SDG_13_10(1.0),05/09/24 23:00:00,A,GHG,TOTXMEMONIA,I90,IE,2014,105.9,
ESTAT:SDG_13_10(1.0),05/09/24 23:00:00,A,GHG,TOTXMEMONIA,I90,IE,2015,111.0,
ESTAT:SDG_13_10(1.0),05/09/24 23:00:00,A,GHG,TOTXMEMONIA,I90,IE,2016,113.4,
ESTAT:SDG_13_10(1.0),05/09/24 23:00:00,A,GHG,TOTXMEMONIA,I90,IE,2017,116.4,
ESTAT:SDG_13_10(1.0),05/09/24 23:00:00,A,GHG,TOTXMEMONIA,I90,IE,2018,115.7,
ESTAT:SDG_13_10(1.0),05/09/24 23:00:00,A,GHG,TOTXMEMONIA,I90,IE,2019,111.7,
ESTAT:SDG_13_10(1.0),05/09/24 23:00:00,A,GHG,TOTXMEMONIA,I90,IE,2020,106.1,
ESTAT:SDG_13_10(1.0),05/09/24 23:00:00,A,GHG,TOTXMEMONIA,I90,IE,2021,110.4,
ESTAT:SDG_13_10(1.0),05/09/24 23:00:00,A,GHG,TOTXMEMONIA,I90,IE,2022,110.3,
ESTAT:SDG_13_10(1.0),05/09/24 23:00:00,A,GHG,TOTXMEMONIA,I90,IS,1990,100.0,
ESTAT:SDG_13_10(1.0),05/09/24 23:00:00,A,GHG,TOTXMEMONIA,I90,IS,1991,98.3,
ESTAT:SDG_13_10(1.0),05/09/24 23:00:00,A,GHG,TOTXMEMONIA,I90,IS,1992,97.4,
ESTAT:SDG_13_10(1.0),05/09/24 23:00:00,A,GHG,TOTXMEMONIA,I90,IS,1993,98.0,
ESTAT:SDG_13_10(1.0),05/09/24 23:00:00,A,GHG,TOTXMEMONIA,I90,IS,1994,97.5,
ESTAT:SDG_13_10(1.0),05/09/24 23:00:00,A,GHG,TOTXMEMONIA,I90,IS,1995,98.8,
ESTAT:SDG_13_10(1.0),05/09/24 23:00:00,A,GHG,TOTXMEMONIA,I90,IS,1996,99.5,
ESTAT:SDG_13_10(1.0),05/09/24 23:00:00,A,GHG,TOTXMEMONIA,I90,IS,1997,101.1,
ESTAT:SDG_13_10(1.0),05/09/24 23:00:00,A,GHG,TOTXMEMONIA,I90,IS,1998,102.8,
ESTAT:SDG_13_10(1.0),05/09/24 23:00:00,A,GHG,TOTXMEMONIA,I90,IS,1999,105.0,
ESTAT:SDG_13_10(1.0),05/09/24 23:00:00,A,GHG,TOTXMEMONIA,I90,IS,2000,105.8,
ESTAT:SDG_13_10(1.0),05/09/24 23:00:00,A,GHG,TOTXMEMONIA,I90,IS,2001,104.5,
ESTAT:SDG_13_10(1.0),05/09/24 23:00:00,A,GHG,TOTXMEMONIA,I90,IS,2002,105.1,
ESTAT:SDG_13_10(1.0),05/09/24 23:00:00,A,GHG,TOTXMEMONIA,I90,IS,2003,105.0,
ESTAT:SDG_13_10(1.0),05/09/24 23:00:00,A,GHG,TOTXMEMONIA,I90,IS,2004,106.4,
ESTAT:SDG_13_10(1.0),05/09/24 23:00:00,A,GHG,TOTXMEMONIA,I90,IS,2005,105.6,
ESTAT:SDG_13_10(1.0),05/09/24 23:00:00,A,GHG,TOTXMEMONIA,I90,IS,2006,111.6,
ESTAT:SDG_13_10(1.0),05/09/24 23:00:00,A,GHG,TOTXMEMONIA,I90,IS,2007,113.6,
ESTAT:SDG_13_10(1.0),05/09/24 23:00:00,A,GHG,TOTXMEMONIA,I90,IS,2008,116.6,
ESTAT:SDG_13_10(1.0),05/09/24 23:00:00,A,GHG,TOTXMEMONIA,I90,IS,2009,113.3,
ESTAT:SDG_13_10(1.0),05/09/24 23:00:00,A,GHG,TOTXMEMONIA,I90,IS,2010,112.6,
ESTAT:SDG_13_10(1.0),05/09/24 23:00:00,A,GHG,TOTXMEMONIA,I90,IS,2011,110.8,
ESTAT:SDG_13_10(1.0),05/09/24 23:00:00,A,GHG,TOTXMEMONIA,I90,IS,2012,111.0,
ESTAT:SDG_13_10(1.0),05/09/24 23:00:00,A,GHG,TOTXMEMONIA,I90,IS,2013,111.4,
ESTAT:SDG_13_10(1.0),05/09/24 23:00:00,A,GHG,TOTXMEMONIA,I90,IS,2014,112.0,
ESTAT:SDG_13_10(1.0),05/09/24 23:00:00,A,GHG,TOTXMEMONIA,I90,IS,2015,113.4,
ESTAT:SDG_13_10(1.0),05/09/24 23:00:00,A,GHG,TOTXMEMONIA,I90,IS,2016,114.9,
ESTAT:SDG_13_10(1.0),05/09/24 23:00:00,A,GHG,TOTXMEMONIA,I90,IS,2017,117.4,
ESTAT:SDG_13_10(1.0),05/09/24 23:00:00,A,GHG,TOTXMEMONIA,I90,IS,2018,118.9,
ESTAT:SDG_13_10(1.0),05/09/24 23:00:00,A,GHG,TOTXMEMONIA,I90,IS,2019,114.8,
ESTAT:SDG_13_10(1.0),05/09/24 23:00:00,A,GHG,TOTXMEMONIA,I90,IS,2020,109.0,
ESTAT:SDG_13_10(1.0),05/09/24 23:00:00,A,GHG,TOTXMEMONIA,I90,IS,2021,111.6,
ESTAT:SDG_13_10(1.0),05/09/24 23:00:00,A,GHG,TOTXMEMONIA,I90,IS,2022,115.6,
ESTAT:SDG_13_10(1.0),05/09/24 23:00:00,A,GHG,TOTXMEMONIA,I90,IT,1990,100.0,
ESTAT:SDG_13_10(1.0),05/09/24 23:00:00,A,GHG,TOTXMEMONIA,I90,IT,1991,97.5,
ESTAT:SDG_13_10(1.0),05/09/24 23:00:00,A,GHG,TOTXMEMONIA,I90,IT,1992,97.8,
ESTAT:SDG_13_10(1.0),05/09/24 23:00:00,A,GHG,TOTXMEMONIA,I90,IT,1993,99.0,
ESTAT:SDG_13_10(1.0),05/09/24 23:00:00,A,GHG,TOTXMEMONIA,I90,IT,1994,95.4,
ESTAT:SDG_13_10(1.0),05/09/24 23:00:00,A,GHG,TOTXMEMONIA,I90,IT,1995,99.2,
ESTAT:SDG_13_10(1.0),05/09/24 23:00:00,A,GHG,TOTXMEMONIA,I90,IT,1996,98.0,
ESTAT:SDG_13_10(1.0),05/09/24 23:00:00,A,GHG,TOTXMEMONIA,I90,IT,1997,101.1,
ESTAT:SDG_13_10(1.0),05/09/24 23:00:00,A,GHG,TOTXMEMONIA,I90,IT,1998,104.1,
ESTAT:SDG_13_10(1.0),05/09/24 23:00:00,A,GHG,TOTXMEMONIA,I90,IT,1999,103.6,
ESTAT:SDG_13_10(1.0),05/09/24 23:00:00,A,GHG,TOTXMEMONIA,I90,IT,2000,105.0,
ESTAT:SDG_13_10(1.0),05/09/24 23:00:00,A,GHG,TOTXMEMONIA,I90,IT,2001,103.5,
ESTAT:SDG_13_10(1.0),05/09/24 23:00:00,A,GHG,TOTXMEMONIA,I90,IT,2002,103.7,
ESTAT:SDG_13_10(1.0),05/09/24 23:00:00,A,GHG,TOTXMEMONIA,I90,IT,2003,109.1,
ESTAT:SDG_13_10(1.0),05/09/24 23:00:00,A,GHG,TOTXMEMONIA,I90,IT,2004,109.0,
ESTAT:SDG_13_10(1.0),05/09/24 23:00:00,A,GHG,TOTXMEMONIA,I90,IT,2005,109.1,
ESTAT:SDG_13_10(1.0),05/09/24 23:00:00,A,GHG,TOTXMEMONIA,I90,IT,2006,107.1,
ESTAT:SDG_13_10(1.0),05/09/24 23:00:00,A,GHG,TOTXMEMONIA,I90,IT,2007,110.4,
ESTAT:SDG_13_10(1.0),05/09/24 23:00:00,A,GHG,TOTXMEMONIA,I90,IT,2008,104.4,
ESTAT:SDG_13_10(1.0),05/09/24 23:00:00,A,GHG,TOTXMEMONIA,I90,IT,2009,93.0,
ESTAT:SDG_13_10(1.0),05/09/24 23:00:00,A,GHG,TOTXMEMONIA,I90,IT,2010,94.0,
ESTAT:SDG_13_10(1.0),05/09/24 23:00:00,A,GHG,TOTXMEMONIA,I90,IT,2011,92.9,
ESTAT:SDG_13_10(1.0),05/09/24 23:00:00,A,GHG,TOTXMEMONIA,I90,IT,2012,90.8,
ESTAT:SDG_13_10(1.0),05/09/24 23:00:00,A,GHG,TOTXMEMONIA,I90,IT,2013,80.9,
ESTAT:SDG_13_10(1.0),05/09/24 23:00:00,A,GHG,TOTXMEMONIA,I90,IT,2014,76.6,
ESTAT:SDG_13_10(1.0),05/09/24 23:00:00,A,GHG,TOTXMEMONIA,I90,IT,2015,78.4,
ESTAT:SDG_13_10(1.0),05/09/24 23:00:00,A,GHG,TOTXMEMONIA,I90,IT,2016,78.1,
ESTAT:SDG_13_10(1.0),05/09/24 23:00:00,A,GHG,TOTXMEMONIA,I90,IT,2017,80.9,
ESTAT:SDG_13_10(1.0),05/09/24 23:00:00,A,GHG,TOTXMEMONIA,I90,IT,2018,76.2,
ESTAT:SDG_13_10(1.0),05/09/24 23:00:00,A,GHG,TOTXMEMONIA,I90,IT,2019,74.8,
ESTAT:SDG_13_10(1.0),05/09/24 23:00:00,A,GHG,TOTXMEMONIA,I90,IT,2020,67.9,
ESTAT:SDG_13_10(1.0),05/09/24 23:00:00,A,GHG,TOTXMEMONIA,I90,IT,2021,75.2,
ESTAT:SDG_13_10(1.0),05/09/24 23:00:00,A,GHG,TOTXMEMONIA,I90,IT,2022,76.1,
ESTAT:SDG_13_10(1.0),05/09/24 23:00:00,A,GHG,TOTXMEMONIA,I90,LT,1990,100.0,
ESTAT:SDG_13_10(1.0),05/09/24 23:00:00,A,GHG,TOTXMEMONIA,I90,LT,1991,104.0,
ESTAT:SDG_13_10(1.0),05/09/24 23:00:00,A,GHG,TOTXMEMONIA,I90,LT,1992,61.0,
ESTAT:SDG_13_10(1.0),05/09/24 23:00:00,A,GHG,TOTXMEMONIA,I90,LT,1993,43.1,
ESTAT:SDG_13_10(1.0),05/09/24 23:00:00,A,GHG,TOTXMEMONIA,I90,LT,1994,41.0,
ESTAT:SDG_13_10(1.0),05/09/24 23:00:00,A,GHG,TOTXMEMONIA,I90,LT,1995,41.6,
ESTAT:SDG_13_10(1.0),05/09/24 23:00:00,A,GHG,TOTXMEMONIA,I90,LT,1996,56.6,
ESTAT:SDG_13_10(1.0),05/09/24 23:00:00,A,GHG,TOTXMEMONIA,I90,LT,1997,52.7,
ESTAT:SDG_13_10(1.0),05/09/24 23:00:00,A,GHG,TOTXMEMONIA,I90,LT,1998,37.2,
ESTAT:SDG_13_10(1.0),05/09/24 23:00:00,A,GHG,TOTXMEMONIA,I90,LT,1999,32.2,
ESTAT:SDG_13_10(1.0),05/09/24 23:00:00,A,GHG,TOTXMEMONIA,I90,LT,2000,23.2,
ESTAT:SDG_13_10(1.0),05/09/24 23:00:00,A,GHG,TOTXMEMONIA,I90,LT,2001,30.1,
ESTAT:SDG_13_10(1.0),05/09/24 23:00:00,A,GHG,TOTXMEMONIA,I90,LT,2002,33.1,
ESTAT:SDG_13_10(1.0),05/09/24 23:00:00,A,GHG,TOTXMEMONIA,I90,LT,2003,35.3,
ESTAT:SDG_13_10(1.0),05/09/24 23:00:00,A,GHG,TOTXMEMONIA,I90,LT,2004,38.4,
ESTAT:SDG_13_10(1.0),05/09/24 23:00:00,A,GHG,TOTXMEMONIA,I90,LT,2005,42.5,
ESTAT:SDG_13_10(1.0),05/09/24 23:00:00,A,GHG,TOTXMEMONIA,I90,LT,2006,44.3,
ESTAT:SDG_13_10(1.0),05/09/24 23:00:00,A,GHG,TOTXMEMONIA,I90,LT,2007,44.6,
ESTAT:SDG_13_10(1.0),05/09/24 23:00:00,A,GHG,TOTXMEMONIA,I90,LT,2008,41.1,
ESTAT:SDG_13_10(1.0),05/09/24 23:00:00,A,GHG,TOTXMEMONIA,I90,LT,2009,29.2,
ESTAT:SDG_13_10(1.0),05/09/24 23:00:00,A,GHG,TOTXMEMONIA,I90,LT,2010,24.1,
ESTAT:SDG_13_10(1.0),05/09/24 23:00:00,A,GHG,TOTXMEMONIA,I90,LT,2011,24.8,
ESTAT:SDG_13_10(1.0),05/09/24 23:00:00,A,GHG,TOTXMEMONIA,I90,LT,2012,25.8,
ESTAT:SDG_13_10(1.0),05/09/24 23:00:00,A,GHG,TOTXMEMONIA,I90,LT,2013,24.5,
ESTAT:SDG_13_10(1.0),05/09/24 23:00:00,A,GHG,TOTXMEMONIA,I90,LT,2014,26.1,
ESTAT:SDG_13_10(1.0),05/09/24 23:00:00,A,GHG,TOTXMEMONIA,I90,LT,2015,28.7,
ESTAT:SDG_13_10(1.0),05/09/24 23:00:00,A,GHG,TOTXMEMONIA,I90,LT,2016,30.9,
ESTAT:SDG_13_10(1.0),05/09/24 23:00:00,A,GHG,TOTXMEMONIA,I90,LT,2017,32.6,
ESTAT:SDG_13_10(1.0),05/09/24 23:00:00,A,GHG,TOTXMEMONIA,I90,LT,2018,33.9,
ESTAT:SDG_13_10(1.0),05/09/24 23:00:00,A,GHG,TOTXMEMONIA,I90,LT,2019,33.9,
ESTAT:SDG_13_10(1.0),05/09/24 23:00:00,A,GHG,TOTXMEMONIA,I90,LT,2020,32.8,
ESTAT:SDG_13_10(1.0),05/09/24 23:00:00,A,GHG,TOTXMEMONIA,I90,LT,2021,34.6,
ESTAT:SDG_13_10(1.0),05/09/24 23:00:00,A,GHG,TOTXMEMONIA,I90,LT,2022,29.9,
ESTAT:SDG_13_10(1.0),05/09/24 23:00:00,A,GHG,TOTXMEMONIA,I90,LU,1990,100.0,
ESTAT:SDG_13_10(1.0),05/09/24 23:00:00,A,GHG,TOTXMEMONIA,I90,LU,1991,104.4,
ESTAT:SDG_13_10(1.0),05/09/24 23:00:00,A,GHG,TOTXMEMONIA,I90,LU,1992,99.4,
ESTAT:SDG_13_10(1.0),05/09/24 23:00:00,A,GHG,TOTXMEMONIA,I90,LU,1993,99.6,
ESTAT:SDG_13_10(1.0),05/09/24 23:00:00,A,GHG,TOTXMEMONIA,I90,LU,1994,95.1,
ESTAT:SDG_13_10(1.0),05/09/24 23:00:00,A,GHG,TOTXMEMONIA,I90,LU,1995,77.0,
ESTAT:SDG_13_10(1.0),05/09/24 23:00:00,A,GHG,TOTXMEMONIA,I90,LU,1996,77.6,
ESTAT:SDG_13_10(1.0),05/09/24 23:00:00,A,GHG,TOTXMEMONIA,I90,LU,1997,73.0,
ESTAT:SDG_13_10(1.0),05/09/24 23:00:00,A,GHG,TOTXMEMONIA,I90,LU,1998,68.2,
ESTAT:SDG_13_10(1.0),05/09/24 23:00:00,A,GHG,TOTXMEMONIA,I90,LU,1999,72.1,
ESTAT:SDG_13_10(1.0),05/09/24 23:00:00,A,GHG,TOTXMEMONIA,I90,LU,2000,76.1,
ESTAT:SDG_13_10(1.0),05/09/24 23:00:00,A,GHG,TOTXMEMONIA,I90,LU,2001,80.7,
ESTAT:SDG_13_10(1.0),05/09/24 23:00:00,A,GHG,TOTXMEMONIA,I90,LU,2002,87.3,
ESTAT:SDG_13_10(1.0),05/09/24 23:00:00,A,GHG,TOTXMEMONIA,I90,LU,2003,91.3,
ESTAT:SDG_13_10(1.0),05/09/24 23:00:00,A,GHG,TOTXMEMONIA,I90,LU,2004,102.2,
ESTAT:SDG_13_10(1.0),05/09/24 23:00:00,A,GHG,TOTXMEMONIA,I90,LU,2005,104.6,
ESTAT:SDG_13_10(1.0),05/09/24 23:00:00,A,GHG,TOTXMEMONIA,I90,LU,2006,103.3,
ESTAT:SDG_13_10(1.0),05/09/24 23:00:00,A,GHG,TOTXMEMONIA,I90,LU,2007,100.2,
ESTAT:SDG_13_10(1.0),05/09/24 23:00:00,A,GHG,TOTXMEMONIA,I90,LU,2008,99.3,
ESTAT:SDG_13_10(1.0),05/09/24 23:00:00,A,GHG,TOTXMEMONIA,I90,LU,2009,94.6,
ESTAT:SDG_13_10(1.0),05/09/24 23:00:00,A,GHG,TOTXMEMONIA,I90,LU,2010,100.9,
ESTAT:SDG_13_10(1.0),05/09/24 23:00:00,A,GHG,TOTXMEMONIA,I90,LU,2011,98.7,
ESTAT:SDG_13_10(1.0),05/09/24 23:00:00,A,GHG,TOTXMEMONIA,I90,LU,2012,95.6,
ESTAT:SDG_13_10(1.0),05/09/24 23:00:00,A,GHG,TOTXMEMONIA,I90,LU,2013,90.6,
ESTAT:SDG_13_10(1.0),05/09/24 23:00:00,A,GHG,TOTXMEMONIA,I90,LU,2014,88.2,
ESTAT:SDG_13_10(1.0),05/09/24 23:00:00,A,GHG,TOTXMEMONIA,I90,LU,2015,86.2,
ESTAT:SDG_13_10(1.0),05/09/24 23:00:00,A,GHG,TOTXMEMONIA,I90,LU,2016,84.9,
ESTAT:SDG_13_10(1.0),05/09/24 23:00:00,A,GHG,TOTXMEMONIA,I90,LU,2017,88.4,
ESTAT:SDG_13_10(1.0),05/09/24 23:00:00,A,GHG,TOTXMEMONIA,I90,LU,2018,92.7,
ESTAT:SDG_13_10(1.0),05/09/24 23:00:00,A,GHG,TOTXMEMONIA,I90,LU,2019,92.7,
ESTAT:SDG_13_10(1.0),05/09/24 23:00:00,A,GHG,TOTXMEMONIA,I90,LU,2020,78.0,
ESTAT:SDG_13_10(1.0),05/09/24 23:00:00,A,GHG,TOTXMEMONIA,I90,LU,2021,81.2,
ESTAT:SDG_13_10(1.0),05/09/24 23:00:00,A,GHG,TOTXMEMONIA,I90,LU,2022,72.3,
ESTAT:SDG_13_10(1.0),05/09/24 23:00:00,A,GHG,TOTXMEMONIA,I90,LV,1990,100.0,
ESTAT:SDG_13_10(1.0),05/09/24 23:00:00,A,GHG,TOTXMEMONIA,I90,LV,1991,83.9,
ESTAT:SDG_13_10(1.0),05/09/24 23:00:00,A,GHG,TOTXMEMONIA,I90,LV,1992,45.2,
ESTAT:SDG_13_10(1.0),05/09/24 23:00:00,A,GHG,TOTXMEMONIA,I90,LV,1993,21.2,
ESTAT:SDG_13_10(1.0),05/09/24 23:00:00,A,GHG,TOTXMEMONIA,I90,LV,1994,-13.7,
ESTAT:SDG_13_10(1.0),05/09/24 23:00:00,A,GHG,TOTXMEMONIA,I90,LV,1995,-15.4,
ESTAT:SDG_13_10(1.0),05/09/24 23:00:00,A,GHG,TOTXMEMONIA,I90,LV,1996,-16.1,
ESTAT:SDG_13_10(1.0),05/09/24 23:00:00,A,GHG,TOTXMEMONIA,I90,LV,1997,-7.4,
ESTAT:SDG_13_10(1.0),05/09/24 23:00:00,A,GHG,TOTXMEMONIA,I90,LV,1998,-4.3,
ESTAT:SDG_13_10(1.0),05/09/24 23:00:00,A,GHG,TOTXMEMONIA,I90,LV,1999,16.5,
ESTAT:SDG_13_10(1.0),05/09/24 23:00:00,A,GHG,TOTXMEMONIA,I90,LV,2000,-11.4,
ESTAT:SDG_13_10(1.0),05/09/24 23:00:00,A,GHG,TOTXMEMONIA,I90,LV,2001,-10.7,
ESTAT:SDG_13_10(1.0),05/09/24 23:00:00,A,GHG,TOTXMEMONIA,I90,LV,2002,1.5,
ESTAT:SDG_13_10(1.0),05/09/24 23:00:00,A,GHG,TOTXMEMONIA,I90,LV,2003,6.2,
ESTAT:SDG_13_10(1.0),05/09/24 23:00:00,A,GHG,TOTXMEMONIA,I90,LV,2004,32.8,
ESTAT:SDG_13_10(1.0),05/09/24 23:00:00,A,GHG,TOTXMEMONIA,I90,LV,2005,38.3,
ESTAT:SDG_13_10(1.0),05/09/24 23:00:00,A,GHG,TOTXMEMONIA,I90,LV,2006,36.2,
ESTAT:SDG_13_10(1.0),05/09/24 23:00:00,A,GHG,TOTXMEMONIA,I90,LV,2007,42.9,
ESTAT:SDG_13_10(1.0),05/09/24 23:00:00,A,GHG,TOTXMEMONIA,I90,LV,2008,37.3,
ESTAT:SDG_13_10(1.0),05/09/24 23:00:00,A,GHG,TOTXMEMONIA,I90,LV,2009,53.5,
ESTAT:SDG_13_10(1.0),05/09/24 23:00:00,A,GHG,TOTXMEMONIA,I90,LV,2010,74.5,
ESTAT:SDG_13_10(1.0),05/09/24 23:00:00,A,GHG,TOTXMEMONIA,I90,LV,2011,66.0,
ESTAT:SDG_13_10(1.0),05/09/24 23:00:00,A,GHG,TOTXMEMONIA,I90,LV,2012,55.1,
ESTAT:SDG_13_10(1.0),05/09/24 23:00:00,A,GHG,TOTXMEMONIA,I90,LV,2013,64.0,
ESTAT:SDG_13_10(1.0),05/09/24 23:00:00,A,GHG,TOTXMEMONIA,I90,LV,2014,91.2,
ESTAT:SDG_13_10(1.0),05/09/24 23:00:00,A,GHG,TOTXMEMONIA,I90,LV,2015,82.5,
ESTAT:SDG_13_10(1.0),05/09/24 23:00:00,A,GHG,TOTXMEMONIA,I90,LV,2016,69.8,
ESTAT:SDG_13_10(1.0),05/09/24 23:00:00,A,GHG,TOTXMEMONIA,I90,LV,2017,60.1,
ESTAT:SDG_13_10(1.0),05/09/24 23:00:00,A,GHG,TOTXMEMONIA,I90,LV,2018,81.9,
ESTAT:SDG_13_10(1.0),05/09/24 23:00:00,A,GHG,TOTXMEMONIA,I90,LV,2019,69.6,
ESTAT:SDG_13_10(1.0),05/09/24 23:00:00,A,GHG,TOTXMEMONIA,I90,LV,2020,82.4,
ESTAT:SDG_13_10(1.0),05/09/24 23:00:00,A,GHG,TOTXMEMONIA,I90,LV,2021,94.9,
ESTAT:SDG_13_10(1.0),05/09/24 23:00:00,A,GHG,TOTXMEMONIA,I90,LV,2022,111.7,
ESTAT:SDG_13_10(1.0),05/09/24 23:00:00,A,GHG,TOTXMEMONIA,I90,MT,1990,100.0,
ESTAT:SDG_13_10(1.0),05/09/24 23:00:00,A,GHG,TOTXMEMONIA,I90,MT,1991,94.2,
ESTAT:SDG_13_10(1.0),05/09/24 23:00:00,A,GHG,TOTXMEMONIA,I90,MT,1992,97.6,
ESTAT:SDG_13_10(1.0),05/09/24 23:00:00,A,GHG,TOTXMEMONIA,I90,MT,1993,119.3,
ESTAT:SDG_13_10(1.0),05/09/24 23:00:00,A,GHG,TOTXMEMONIA,I90,MT,1994,113.5,
ESTAT:SDG_13_10(1.0),05/09/24 23:00:00,A,GHG,TOTXMEMONIA,I90,MT,1995,107.1,
ESTAT:SDG_13_10(1.0),05/09/24 23:00:00,A,GHG,TOTXMEMONIA,I90,MT,1996,110.2,
ESTAT:SDG_13_10(1.0),05/09/24 23:00:00,A,GHG,TOTXMEMONIA,I90,MT,1997,111.9,
ESTAT:SDG_13_10(1.0),05/09/24 23:00:00,A,GHG,TOTXMEMONIA,I90,MT,1998,110.5,
ESTAT:SDG_13_10(1.0),05/09/24 23:00:00,A,GHG,TOTXMEMONIA,I90,MT,1999,112.9,
ESTAT:SDG_13_10(1.0),05/09/24 23:00:00,A,GHG,TOTXMEMONIA,I90,MT,2000,109.0,
ESTAT:SDG_13_10(1.0),05/09/24 23:00:00,A,GHG,TOTXMEMONIA,I90,MT,2001,117.1,
ESTAT:SDG_13_10(1.0),05/09/24 23:00:00,A,GHG,TOTXMEMONIA,I90,MT,2002,118.1,
ESTAT:SDG_13_10(1.0),05/09/24 23:00:00,A,GHG,TOTXMEMONIA,I90,MT,2003,126.0,
ESTAT:SDG_13_10(1.0),05/09/24 23:00:00,A,GHG,TOTXMEMONIA,I90,MT,2004,122.2,
ESTAT:SDG_13_10(1.0),05/09/24 23:00:00,A,GHG,TOTXMEMONIA,I90,MT,2005,115.8,
ESTAT:SDG_13_10(1.0),05/09/24 23:00:00,A,GHG,TOTXMEMONIA,I90,MT,2006,117.1,
ESTAT:SDG_13_10(1.0),05/09/24 23:00:00,A,GHG,TOTXMEMONIA,I90,MT,2007,121.0,
ESTAT:SDG_13_10(1.0),05/09/24 23:00:00,A,GHG,TOTXMEMONIA,I90,MT,2008,118.6,
ESTAT:SDG_13_10(1.0),05/09/24 23:00:00,A,GHG,TOTXMEMONIA,I90,MT,2009,113.4,
ESTAT:SDG_13_10(1.0),05/09/24 23:00:00,A,GHG,TOTXMEMONIA,I90,MT,2010,116.3,
ESTAT:SDG_13_10(1.0),05/09/24 23:00:00,A,GHG,TOTXMEMONIA,I90,MT,2011,116.4,
ESTAT:SDG_13_10(1.0),05/09/24 23:00:00,A,GHG,TOTXMEMONIA,I90,MT,2012,122.4,
ESTAT:SDG_13_10(1.0),05/09/24 23:00:00,A,GHG,TOTXMEMONIA,I90,MT,2013,112.3,
ESTAT:SDG_13_10(1.0),05/09/24 23:00:00,A,GHG,TOTXMEMONIA,I90,MT,2014,113.3,
ESTAT:SDG_13_10(1.0),05/09/24 23:00:00,A,GHG,TOTXMEMONIA,I90,MT,2015,89.2,
ESTAT:SDG_13_10(1.0),05/09/24 23:00:00,A,GHG,TOTXMEMONIA,I90,MT,2016,79.5,
ESTAT:SDG_13_10(1.0),05/09/24 23:00:00,A,GHG,TOTXMEMONIA,I90,MT,2017,87.0,
ESTAT:SDG_13_10(1.0),05/09/24 23:00:00,A,GHG,TOTXMEMONIA,I90,MT,2018,88.7,
ESTAT:SDG_13_10(1.0),05/09/24 23:00:00,A,GHG,TOTXMEMONIA,I90,MT,2019,93.9,
ESTAT:SDG_13_10(1.0),05/09/24 23:00:00,A,GHG,TOTXMEMONIA,I90,MT,2020,81.4,
ESTAT:SDG_13_10(1.0),05/09/24 23:00:00,A,GHG,TOTXMEMONIA,I90,MT,2021,83.4,
ESTAT:SDG_13_10(1.0),05/09/24 23:00:00,A,GHG,TOTXMEMONIA,I90,MT,2022,94.1,
ESTAT:SDG_13_10(1.0),05/09/24 23:00:00,A,GHG,TOTXMEMONIA,I90,NL,1990,100.0,
ESTAT:SDG_13_10(1.0),05/09/24 23:00:00,A,GHG,TOTXMEMONIA,I90,NL,1991,103.5,
ESTAT:SDG_13_10(1.0),05/09/24 23:00:00,A,GHG,TOTXMEMONIA,I90,NL,1992,104.0,
ESTAT:SDG_13_10(1.0),05/09/24 23:00:00,A,GHG,TOTXMEMONIA,I90,NL,1993,104.4,
ESTAT:SDG_13_10(1.0),05/09/24 23:00:00,A,GHG,TOTXMEMONIA,I90,NL,1994,104.8,
ESTAT:SDG_13_10(1.0),05/09/24 23:00:00,A,GHG,TOTXMEMONIA,I90,NL,1995,105.2,
ESTAT:SDG_13_10(1.0),05/09/24 23:00:00,A,GHG,TOTXMEMONIA,I90,NL,1996,109.8,
ESTAT:SDG_13_10(1.0),05/09/24 23:00:00,A,GHG,TOTXMEMONIA,I90,NL,1997,106.4,
ESTAT:SDG_13_10(1.0),05/09/24 23:00:00,A,GHG,TOTXMEMONIA,I90,NL,1998,106.8,
ESTAT:SDG_13_10(1.0),05/09/24 23:00:00,A,GHG,TOTXMEMONIA,I90,NL,1999,101.6,
ESTAT:SDG_13_10(1.0),05/09/24 23:00:00,A,GHG,TOTXMEMONIA,I90,NL,2000,101.0,
ESTAT:SDG_13_10(1.0),05/09/24 23:00:00,A,GHG,TOTXMEMONIA,I90,NL,2001,101.7,
ESTAT:SDG_13_10(1.0),05/09/24 23:00:00,A,GHG,TOTXMEMONIA,I90,NL,2002,101.0,
ESTAT:SDG_13_10(1.0),05/09/24 23:00:00,A,GHG,TOTXMEMONIA,I90,NL,2003,100.9,
ESTAT:SDG_13_10(1.0),05/09/24 23:00:00,A,GHG,TOTXMEMONIA,I90,NL,2004,101.9,
ESTAT:SDG_13_10(1.0),05/09/24 23:00:00,A,GHG,TOTXMEMONIA,I90,NL,2005,99.5,
ESTAT:SDG_13_10(1.0),05/09/24 23:00:00,A,GHG,TOTXMEMONIA,I90,NL,2006,97.3,
ESTAT:SDG_13_10(1.0),05/09/24 23:00:00,A,GHG,TOTXMEMONIA,I90,NL,2007,96.9,
ESTAT:SDG_13_10(1.0),05/09/24 23:00:00,A,GHG,TOTXMEMONIA,I90,NL,2008,97.0,
ESTAT:SDG_13_10(1.0),05/09/24 23:00:00,A,GHG,TOTXMEMONIA,I90,NL,2009,94.0,
ESTAT:SDG_13_10(1.0),05/09/24 23:00:00,A,GHG,TOTXMEMONIA,I90,NL,2010,98.9,
ESTAT:SDG_13_10(1.0),05/09/24 23:00:00,A,GHG,TOTXMEMONIA,I90,NL,2011,93.1,
ESTAT:SDG_13_10(1.0),05/09/24 23:00:00,A,GHG,TOTXMEMONIA,I90,NL,2012,90.9,
ESTAT:SDG_13_10(1.0),05/09/24 23:00:00,A,GHG,TOTXMEMONIA,I90,NL,2013,90.6,
ESTAT:SDG_13_10(1.0),05/09/24 23:00:00,A,GHG,TOTXMEMONIA,I90,NL,2014,87.6,
ESTAT:SDG_13_10(1.0),05/09/24 23:00:00,A,GHG,TOTXMEMONIA,I90,NL,2015,91.0,
ESTAT:SDG_13_10(1.0),05/09/24 23:00:00,A,GHG,TOTXMEMONIA,I90,NL,2016,91.3,
ESTAT:SDG_13_10(1.0),05/09/24 23:00:00,A,GHG,TOTXMEMONIA,I90,NL,2017,89.9,
ESTAT:SDG_13_10(1.0),05/09/24 23:00:00,A,GHG,TOTXMEMONIA,I90,NL,2018,87.7,
ESTAT:SDG_13_10(1.0),05/09/24 23:00:00,A,GHG,TOTXMEMONIA,I90,NL,2019,84.9,
ESTAT:SDG_13_10(1.0),05/09/24 23:00:00,A,GHG,TOTXMEMONIA,I90,NL,2020,75.4,
ESTAT:SDG_13_10(1.0),05/09/24 23:00:00,A,GHG,TOTXMEMONIA,I90,NL,2021,76.8,
ESTAT:SDG_13_10(1.0),05/09/24 23:00:00,A,GHG,TOTXMEMONIA,I90,NL,2022,72.2,
ESTAT:SDG_13_10(1.0),05/09/24 23:00:00,A,GHG,TOTXMEMONIA,I90,NO,1990,100.0,
ESTAT:SDG_13_10(1.0),05/09/24 23:00:00,A,GHG,TOTXMEMONIA,I90,NO,1991,91.4,
ESTAT:SDG_13_10(1.0),05/09/24 23:00:00,A,GHG,TOTXMEMONIA,I90,NO,1992,88.9,
ESTAT:SDG_13_10(1.0),05/09/24 23:00:00,A,GHG,TOTXMEMONIA,I90,NO,1993,91.5,
ESTAT:SDG_13_10(1.0),05/09/24 23:00:00,A,GHG,TOTXMEMONIA,I90,NO,1994,99.2,
ESTAT:SDG_13_10(1.0),05/09/24 23:00:00,A,GHG,TOTXMEMONIA,I90,NO,1995,93.9,
ESTAT:SDG_13_10(1.0),05/09/24 23:00:00,A,GHG,TOTXMEMONIA,I90,NO,1996,112.4,
ESTAT:SDG_13_10(1.0),05/09/24 23:00:00,A,GHG,TOTXMEMONIA,I90,NO,1997,105.5,
ESTAT:SDG_13_10(1.0),05/09/24 23:00:00,A,GHG,TOTXMEMONIA,I90,NO,1998,102.7,
ESTAT:SDG_13_10(1.0),05/09/24 23:00:00,A,GHG,TOTXMEMONIA,I90,NO,1999,92.0,
ESTAT:SDG_13_10(1.0),05/09/24 23:00:00,A,GHG,TOTXMEMONIA,I90,NO,2000,97.0,
ESTAT:SDG_13_10(1.0),05/09/24 23:00:00,A,GHG,TOTXMEMONIA,I90,NO,2001,88.0,
ESTAT:SDG_13_10(1.0),05/09/24 23:00:00,A,GHG,TOTXMEMONIA,I90,NO,2002,81.0,
ESTAT:SDG_13_10(1.0),05/09/24 23:00:00,A,GHG,TOTXMEMONIA,I90,NO,2003,84.5,
ESTAT:SDG_13_10(1.0),05/09/24 23:00:00,A,GHG,TOTXMEMONIA,I90,NO,2004,84.4,
ESTAT:SDG_13_10(1.0),05/09/24 23:00:00,A,GHG,TOTXMEMONIA,I90,NO,2005,77.0,
ESTAT:SDG_13_10(1.0),05/09/24 23:00:00,A,GHG,TOTXMEMONIA,I90,NO,2006,89.5,
ESTAT:SDG_13_10(1.0),05/09/24 23:00:00,A,GHG,TOTXMEMONIA,I90,NO,2007,90.0,
ESTAT:SDG_13_10(1.0),05/09/24 23:00:00,A,GHG,TOTXMEMONIA,I90,NO,2008,73.9,
ESTAT:SDG_13_10(1.0),05/09/24 23:00:00,A,GHG,TOTXMEMONIA,I90,NO,2009,71.1,
ESTAT:SDG_13_10(1.0),05/09/24 23:00:00,A,GHG,TOTXMEMONIA,I90,NO,2010,74.1,
ESTAT:SDG_13_10(1.0),05/09/24 23:00:00,A,GHG,TOTXMEMONIA,I90,NO,2011,73.7,
ESTAT:SDG_13_10(1.0),05/09/24 23:00:00,A,GHG,TOTXMEMONIA,I90,NO,2012,74.9,
ESTAT:SDG_13_10(1.0),05/09/24 23:00:00,A,GHG,TOTXMEMONIA,I90,NO,2013,84.3,
ESTAT:SDG_13_10(1.0),05/09/24 23:00:00,A,GHG,TOTXMEMONIA,I90,NO,2014,91.3,
ESTAT:SDG_13_10(1.0),05/09/24 23:00:00,A,GHG,TOTXMEMONIA,I90,NO,2015,101.9,
ESTAT:SDG_13_10(1.0),05/09/24 23:00:00,A,GHG,TOTXMEMONIA,I90,NO,2016,103.1,
ESTAT:SDG_13_10(1.0),05/09/24 23:00:00,A,GHG,TOTXMEMONIA,I90,NO,2017,95.9,
ESTAT:SDG_13_10(1.0),05/09/24 23:00:00,A,GHG,TOTXMEMONIA,I90,NO,2018,103.9,
ESTAT:SDG_13_10(1.0),05/09/24 23:00:00,A,GHG,TOTXMEMONIA,I90,NO,2019,109.9,
ESTAT:SDG_13_10(1.0),05/09/24 23:00:00,A,GHG,TOTXMEMONIA,I90,NO,2020,84.4,
ESTAT:SDG_13_10(1.0),05/09/24 23:00:00,A,GHG,TOTXMEMONIA,I90,NO,2021,94.7,
ESTAT:SDG_13_10(1.0),05/09/24 23:00:00,A,GHG,TOTXMEMONIA,I90,NO,2022,91.0,
ESTAT:SDG_13_10(1.0),05/09/24 23:00:00,A,GHG,TOTXMEMONIA,I90,PL,1990,100.0,
ESTAT:SDG_13_10(1.0),05/09/24 23:00:00,A,GHG,TOTXMEMONIA,I90,PL,1991,98.9,
ESTAT:SDG_13_10(1.0),05/09/24 23:00:00,A,GHG,TOTXMEMONIA,I90,PL,1992,100.7,
ESTAT:SDG_13_10(1.0),05/09/24 23:00:00,A,GHG,TOTXMEMONIA,I90,PL,1993,98.9,
ESTAT:SDG_13_10(1.0),05/09/24 23:00:00,A,GHG,TOTXMEMONIA,I90,PL,1994,97.7,
ESTAT:SDG_13_10(1.0),05/09/24 23:00:00,A,GHG,TOTXMEMONIA,I90,PL,1995,95.8,
ESTAT:SDG_13_10(1.0),05/09/24 23:00:00,A,GHG,TOTXMEMONIA,I90,PL,1996,95.0,
ESTAT:SDG_13_10(1.0),05/09/24 23:00:00,A,GHG,TOTXMEMONIA,I90,PL,1997,92.7,
ESTAT:SDG_13_10(1.0),05/09/24 23:00:00,A,GHG,TOTXMEMONIA,I90,PL,1998,84.5,
ESTAT:SDG_13_10(1.0),05/09/24 23:00:00,A,GHG,TOTXMEMONIA,I90,PL,1999,82.5,
ESTAT:SDG_13_10(1.0),05/09/24 23:00:00,A,GHG,TOTXMEMONIA,I90,PL,2000,80.2,
ESTAT:SDG_13_10(1.0),05/09/24 23:00:00,A,GHG,TOTXMEMONIA,I90,PL,2001,81.6,
ESTAT:SDG_13_10(1.0),05/09/24 23:00:00,A,GHG,TOTXMEMONIA,I90,PL,2002,77.4,
ESTAT:SDG_13_10(1.0),05/09/24 23:00:00,A,GHG,TOTXMEMONIA,I90,PL,2003,79.9,
ESTAT:SDG_13_10(1.0),05/09/24 23:00:00,A,GHG,TOTXMEMONIA,I90,PL,2004,78.5,
ESTAT:SDG_13_10(1.0),05/09/24 23:00:00,A,GHG,TOTXMEMONIA,I90,PL,2005,78.6,
ESTAT:SDG_13_10(1.0),05/09/24 23:00:00,A,GHG,TOTXMEMONIA,I90,PL,2006,83.3,
ESTAT:SDG_13_10(1.0),05/09/24 23:00:00,A,GHG,TOTXMEMONIA,I90,PL,2007,84.6,
ESTAT:SDG_13_10(1.0),05/09/24 23:00:00,A,GHG,TOTXMEMONIA,I90,PL,2008,83.1,
ESTAT:SDG_13_10(1.0),05/09/24 23:00:00,A,GHG,TOTXMEMONIA,I90,PL,2009,78.9,
ESTAT:SDG_13_10(1.0),05/09/24 23:00:00,A,GHG,TOTXMEMONIA,I90,PL,2010,83.1,
ESTAT:SDG_13_10(1.0),05/09/24 23:00:00,A,GHG,TOTXMEMONIA,I90,PL,2011,81.5,
ESTAT:SDG_13_10(1.0),05/09/24 23:00:00,A,GHG,TOTXMEMONIA,I90,PL,2012,79.7,
ESTAT:SDG_13_10(1.0),05/09/24 23:00:00,A,GHG,TOTXMEMONIA,I90,PL,2013,78.2,
ESTAT:SDG_13_10(1.0),05/09/24 23:00:00,A,GHG,TOTXMEMONIA,I90,PL,2014,77.1,
ESTAT:SDG_13_10(1.0),05/09/24 23:00:00,A,GHG,TOTXMEMONIA,I90,PL,2015,78.4,
ESTAT:SDG_13_10(1.0),05/09/24 23:00:00,A,GHG,TOTXMEMONIA,I90,PL,2016,79.4,
ESTAT:SDG_13_10(1.0),05/09/24 23:00:00,A,GHG,TOTXMEMONIA,I90,PL,2017,82.5,
ESTAT:SDG_13_10(1.0),05/09/24 23:00:00,A,GHG,TOTXMEMONIA,I90,PL,2018,82.8,
ESTAT:SDG_13_10(1.0),05/09/24 23:00:00,A,GHG,TOTXMEMONIA,I90,PL,2019,81.9,
ESTAT:SDG_13_10(1.0),05/09/24 23:00:00,A,GHG,TOTXMEMONIA,I90,PL,2020,78.0,
ESTAT:SDG_13_10(1.0),05/09/24 23:00:00,A,GHG,TOTXMEMONIA,I90,PL,2021,84.2,
ESTAT:SDG_13_10(1.0),05/09/24 23:00:00,A,GHG,TOTXMEMONIA,I90,PL,2022,77.6,
ESTAT:SDG_13_10(1.0),05/09/24 23:00:00,A,GHG,TOTXMEMONIA,I90,PT,1990,100.0,
ESTAT:SDG_13_10(1.0),05/09/24 23:00:00,A,GHG,TOTXMEMONIA,I90,PT,1991,89.0,
ESTAT:SDG_13_10(1.0),05/09/24 23:00:00,A,GHG,TOTXMEMONIA,I90,PT,1992,85.0,
ESTAT:SDG_13_10(1.0),05/09/24 23:00:00,A,GHG,TOTXMEMONIA,I90,PT,1993,81.3,
ESTAT:SDG_13_10(1.0),05/09/24 23:00:00,A,GHG,TOTXMEMONIA,I90,PT,1994,84.0,
ESTAT:SDG_13_10(1.0),05/09/24 23:00:00,A,GHG,TOTXMEMONIA,I90,PT,1995,89.1,
ESTAT:SDG_13_10(1.0),05/09/24 23:00:00,A,GHG,TOTXMEMONIA,I90,PT,1996,87.5,
ESTAT:SDG_13_10(1.0),05/09/24 23:00:00,A,GHG,TOTXMEMONIA,I90,PT,1997,90.9,
ESTAT:SDG_13_10(1.0),05/09/24 23:00:00,A,GHG,TOTXMEMONIA,I90,PT,1998,98.8,
ESTAT:SDG_13_10(1.0),05/09/24 23:00:00,A,GHG,TOTXMEMONIA,I90,PT,1999,110.5,
ESTAT:SDG_13_10(1.0),05/09/24 23:00:00,A,GHG,TOTXMEMONIA,I90,PT,2000,121.6,
ESTAT:SDG_13_10(1.0),05/09/24 23:00:00,A,GHG,TOTXMEMONIA,I90,PT,2001,111.5,
ESTAT:SDG_13_10(1.0),05/09/24 23:00:00,A,GHG,TOTXMEMONIA,I90,PT,2002,118.5,
ESTAT:SDG_13_10(1.0),05/09/24 23:00:00,A,GHG,TOTXMEMONIA,I90,PT,2003,130.1,
ESTAT:SDG_13_10(1.0),05/09/24 23:00:00,A,GHG,TOTXMEMONIA,I90,PT,2004,121.3,
ESTAT:SDG_13_10(1.0),05/09/24 23:00:00,A,GHG,TOTXMEMONIA,I90,PT,2005,135.8,
ESTAT:SDG_13_10(1.0),05/09/24 23:00:00,A,GHG,TOTXMEMONIA,I90,PT,2006,120.8,
ESTAT:SDG_13_10(1.0),05/09/24 23:00:00,A,GHG,TOTXMEMONIA,I90,PT,2007,115.3,
ESTAT:SDG_13_10(1.0),05/09/24 23:00:00,A,GHG,TOTXMEMONIA,I90,PT,2008,102.9,
ESTAT:SDG_13_10(1.0),05/09/24 23:00:00,A,GHG,TOTXMEMONIA,I90,PT,2009,96.7,
ESTAT:SDG_13_10(1.0),05/09/24 23:00:00,A,GHG,TOTXMEMONIA,I90,PT,2010,96.2,
ESTAT:SDG_13_10(1.0),05/09/24 23:00:00,A,GHG,TOTXMEMONIA,I90,PT,2011,99.5,
ESTAT:SDG_13_10(1.0),05/09/24 23:00:00,A,GHG,TOTXMEMONIA,I90,PT,2012,99.2,
ESTAT:SDG_13_10(1.0),05/09/24 23:00:00,A,GHG,TOTXMEMONIA,I90,PT,2013,98.2,
ESTAT:SDG_13_10(1.0),05/09/24 23:00:00,A,GHG,TOTXMEMONIA,I90,PT,2014,90.8,
ESTAT:SDG_13_10(1.0),05/09/24 23:00:00,A,GHG,TOTXMEMONIA,I90,PT,2015,99.1,
ESTAT:SDG_13_10(1.0),05/09/24 23:00:00,A,GHG,TOTXMEMONIA,I90,PT,2016,103.9,
ESTAT:SDG_13_10(1.0),05/09/24 23:00:00,A,GHG,TOTXMEMONIA,I90,PT,2017,142.4,
ESTAT:SDG_13_10(1.0),05/09/24 23:00:00,A,GHG,TOTXMEMONIA,I90,PT,2018,100.5,
ESTAT:SDG_13_10(1.0),05/09/24 23:00:00,A,GHG,TOTXMEMONIA,I90,PT,2019,94.2,
ESTAT:SDG_13_10(1.0),05/09/24 23:00:00,A,GHG,TOTXMEMONIA,I90,PT,2020,80.6,
ESTAT:SDG_13_10(1.0),05/09/24 23:00:00,A,GHG,TOTXMEMONIA,I90,PT,2021,77.3,
ESTAT:SDG_13_10(1.0),05/09/24 23:00:00,A,GHG,TOTXMEMONIA,I90,PT,2022,80.8,
ESTAT:SDG_13_10(1.0),05/09/24 23:00:00,A,GHG,TOTXMEMONIA,I90,RO,1990,100.0,
ESTAT:SDG_13_10(1.0),05/09/24 23:00:00,A,GHG,TOTXMEMONIA,I90,RO,1991,79.7,
ESTAT:SDG_13_10(1.0),05/09/24 23:00:00,A,GHG,TOTXMEMONIA,I90,RO,1992,72.5,
ESTAT:SDG_13_10(1.0),05/09/24 23:00:00,A,GHG,TOTXMEMONIA,I90,RO,1993,67.5,
ESTAT:SDG_13_10(1.0),05/09/24 23:00:00,A,GHG,TOTXMEMONIA,I90,RO,1994,66.5,
ESTAT:SDG_13_10(1.0),05/09/24 23:00:00,A,GHG,TOTXMEMONIA,I90,RO,1995,69.6,
ESTAT:SDG_13_10(1.0),05/09/24 23:00:00,A,GHG,TOTXMEMONIA,I90,RO,1996,71.0,
ESTAT:SDG_13_10(1.0),05/09/24 23:00:00,A,GHG,TOTXMEMONIA,I90,RO,1997,68.0,
ESTAT:SDG_13_10(1.0),05/09/24 23:00:00,A,GHG,TOTXMEMONIA,I90,RO,1998,59.7,
ESTAT:SDG_13_10(1.0),05/09/24 23:00:00,A,GHG,TOTXMEMONIA,I90,RO,1999,52.1,
ESTAT:SDG_13_10(1.0),05/09/24 23:00:00,A,GHG,TOTXMEMONIA,I90,RO,2000,48.6,
ESTAT:SDG_13_10(1.0),05/09/24 23:00:00,A,GHG,TOTXMEMONIA,I90,RO,2001,49.9,
ESTAT:SDG_13_10(1.0),05/09/24 23:00:00,A,GHG,TOTXMEMONIA,I90,RO,2002,51.3,
ESTAT:SDG_13_10(1.0),05/09/24 23:00:00,A,GHG,TOTXMEMONIA,I90,RO,2003,53.6,
ESTAT:SDG_13_10(1.0),05/09/24 23:00:00,A,GHG,TOTXMEMONIA,I90,RO,2004,52.9,
ESTAT:SDG_13_10(1.0),05/09/24 23:00:00,A,GHG,TOTXMEMONIA,I90,RO,2005,51.9,
ESTAT:SDG_13_10(1.0),05/09/24 23:00:00,A,GHG,TOTXMEMONIA,I90,RO,2006,52.7,
ESTAT:SDG_13_10(1.0),05/09/24 23:00:00,A,GHG,TOTXMEMONIA,I90,RO,2007,53.5,
ESTAT:SDG_13_10(1.0),05/09/24 23:00:00,A,GHG,TOTXMEMONIA,I90,RO,2008,51.8,
ESTAT:SDG_13_10(1.0),05/09/24 23:00:00,A,GHG,TOTXMEMONIA,I90,RO,2009,43.9,
ESTAT:SDG_13_10(1.0),05/09/24 23:00:00,A,GHG,TOTXMEMONIA,I90,RO,2010,39.0,
ESTAT:SDG_13_10(1.0),05/09/24 23:00:00,A,GHG,TOTXMEMONIA,I90,RO,2011,41.9,
ESTAT:SDG_13_10(1.0),05/09/24 23:00:00,A,GHG,TOTXMEMONIA,I90,RO,2012,39.5,
ESTAT:SDG_13_10(1.0),05/09/24 23:00:00,A,GHG,TOTXMEMONIA,I90,RO,2013,34.6,
ESTAT:SDG_13_10(1.0),05/09/24 23:00:00,A,GHG,TOTXMEMONIA,I90,RO,2014,30.0,
ESTAT:SDG_13_10(1.0),05/09/24 23:00:00,A,GHG,TOTXMEMONIA,I90,RO,2015,29.8,
ESTAT:SDG_13_10(1.0),05/09/24 23:00:00,A,GHG,TOTXMEMONIA,I90,RO,2016,28.1,
ESTAT:SDG_13_10(1.0),05/09/24 23:00:00,A,GHG,TOTXMEMONIA,I90,RO,2017,30.3,
ESTAT:SDG_13_10(1.0),05/09/24 23:00:00,A,GHG,TOTXMEMONIA,I90,RO,2018,31.2,
ESTAT:SDG_13_10(1.0),05/09/24 23:00:00,A,GHG,TOTXMEMONIA,I90,RO,2019,29.8,
ESTAT:SDG_13_10(1.0),05/09/24 23:00:00,A,GHG,TOTXMEMONIA,I90,RO,2020,27.0,
ESTAT:SDG_13_10(1.0),05/09/24 23:00:00,A,GHG,TOTXMEMONIA,I90,RO,2021,29.1,
ESTAT:SDG_13_10(1.0),05/09/24 23:00:00,A,GHG,TOTXMEMONIA,I90,RO,2022,27.5,
ESTAT:SDG_13_10(1.0),05/09/24 23:00:00,A,GHG,TOTXMEMONIA,I90,SE,1990,100.0,
ESTAT:SDG_13_10(1.0),05/09/24 23:00:00,A,GHG,TOTXMEMONIA,I90,SE,1991,100.5,
ESTAT:SDG_13_10(1.0),05/09/24 23:00:00,A,GHG,TOTXMEMONIA,I90,SE,1992,102.6,
ESTAT:SDG_13_10(1.0),05/09/24 23:00:00,A,GHG,TOTXMEMONIA,I90,SE,1993,123.6,
ESTAT:SDG_13_10(1.0),05/09/24 23:00:00,A,GHG,TOTXMEMONIA,I90,SE,1994,128.8,
ESTAT:SDG_13_10(1.0),05/09/24 23:00:00,A,GHG,TOTXMEMONIA,I90,SE,1995,126.0,
ESTAT:SDG_13_10(1.0),05/09/24 23:00:00,A,GHG,TOTXMEMONIA,I90,SE,1996,134.7,
ESTAT:SDG_13_10(1.0),05/09/24 23:00:00,A,GHG,TOTXMEMONIA,I90,SE,1997,106.0,
ESTAT:SDG_13_10(1.0),05/09/24 23:00:00,A,GHG,TOTXMEMONIA,I90,SE,1998,105.6,
ESTAT:SDG_13_10(1.0),05/09/24 23:00:00,A,GHG,TOTXMEMONIA,I90,SE,1999,90.4,
ESTAT:SDG_13_10(1.0),05/09/24 23:00:00,A,GHG,TOTXMEMONIA,I90,SE,2000,78.8,
ESTAT:SDG_13_10(1.0),05/09/24 23:00:00,A,GHG,TOTXMEMONIA,I90,SE,2001,78.1,
ESTAT:SDG_13_10(1.0),05/09/24 23:00:00,A,GHG,TOTXMEMONIA,I90,SE,2002,81.2,
ESTAT:SDG_13_10(1.0),05/09/24 23:00:00,A,GHG,TOTXMEMONIA,I90,SE,2003,92.2,
ESTAT:SDG_13_10(1.0),05/09/24 23:00:00,A,GHG,TOTXMEMONIA,I90,SE,2004,103.7,
ESTAT:SDG_13_10(1.0),05/09/24 23:00:00,A,GHG,TOTXMEMONIA,I90,SE,2005,82.8,
ESTAT:SDG_13_10(1.0),05/09/24 23:00:00,A,GHG,TOTXMEMONIA,I90,SE,2006,60.7,
ESTAT:SDG_13_10(1.0),05/09/24 23:00:00,A,GHG,TOTXMEMONIA,I90,SE,2007,57.4,
ESTAT:SDG_13_10(1.0),05/09/24 23:00:00,A,GHG,TOTXMEMONIA,I90,SE,2008,48.3,
ESTAT:SDG_13_10(1.0),05/09/24 23:00:00,A,GHG,TOTXMEMONIA,I90,SE,2009,31.5,
ESTAT:SDG_13_10(1.0),05/09/24 23:00:00,A,GHG,TOTXMEMONIA,I90,SE,2010,44.7,
ESTAT:SDG_13_10(1.0),05/09/24 23:00:00,A,GHG,TOTXMEMONIA,I90,SE,2011,29.2,
ESTAT:SDG_13_10(1.0),05/09/24 23:00:00,A,GHG,TOTXMEMONIA,I90,SE,2012,16.7,
ESTAT:SDG_13_10(1.0),05/09/24 23:00:00,A,GHG,TOTXMEMONIA,I90,SE,2013,4.4,
ESTAT:SDG_13_10(1.0),05/09/24 23:00:00,A,GHG,TOTXMEMONIA,I90,SE,2014,3.9,
ESTAT:SDG_13_10(1.0),05/09/24 23:00:00,A,GHG,TOTXMEMONIA,I90,SE,2015,15.1,
ESTAT:SDG_13_10(1.0),05/09/24 23:00:00,A,GHG,TOTXMEMONIA,I90,SE,2016,21.3,
ESTAT:SDG_13_10(1.0),05/09/24 23:00:00,A,GHG,TOTXMEMONIA,I90,SE,2017,49.0,
ESTAT:SDG_13_10(1.0),05/09/24 23:00:00,A,GHG,TOTXMEMONIA,I90,SE,2018,74.3,
ESTAT:SDG_13_10(1.0),05/09/24 23:00:00,A,GHG,TOTXMEMONIA,I90,SE,2019,58.3,
ESTAT:SDG_13_10(1.0),05/09/24 23:00:00,A,GHG,TOTXMEMONIA,I90,SE,2020,18.4,
ESTAT:SDG_13_10(1.0),05/09/24 23:00:00,A,GHG,TOTXMEMONIA,I90,SE,2021,24.2,
ESTAT:SDG_13_10(1.0),05/09/24 23:00:00,A,GHG,TOTXMEMONIA,I90,SE,2022,27.6,
ESTAT:SDG_13_10(1.0),05/09/24 23:00:00,A,GHG,TOTXMEMONIA,I90,SI,1990,100.0,
ESTAT:SDG_13_10(1.0),05/09/24 23:00:00,A,GHG,TOTXMEMONIA,I90,SI,1991,88.0,
ESTAT:SDG_13_10(1.0),05/09/24 23:00:00,A,GHG,TOTXMEMONIA,I90,SI,1992,87.2,
ESTAT:SDG_13_10(1.0),05/09/24 23:00:00,A,GHG,TOTXMEMONIA,I90,SI,1993,89.0,
ESTAT:SDG_13_10(1.0),05/09/24 23:00:00,A,GHG,TOTXMEMONIA,I90,SI,1994,90.5,
ESTAT:SDG_13_10(1.0),05/09/24 23:00:00,A,GHG,TOTXMEMONIA,I90,SI,1995,95.3,
ESTAT:SDG_13_10(1.0),05/09/24 23:00:00,A,GHG,TOTXMEMONIA,I90,SI,1996,95.4,
ESTAT:SDG_13_10(1.0),05/09/24 23:00:00,A,GHG,TOTXMEMONIA,I90,SI,1997,97.7,
ESTAT:SDG_13_10(1.0),05/09/24 23:00:00,A,GHG,TOTXMEMONIA,I90,SI,1998,93.8,
ESTAT:SDG_13_10(1.0),05/09/24 23:00:00,A,GHG,TOTXMEMONIA,I90,SI,1999,89.3,
ESTAT:SDG_13_10(1.0),05/09/24 23:00:00,A,GHG,TOTXMEMONIA,I90,SI,2000,87.1,
ESTAT:SDG_13_10(1.0),05/09/24 23:00:00,A,GHG,TOTXMEMONIA,I90,SI,2001,95.6,
ESTAT:SDG_13_10(1.0),05/09/24 23:00:00,A,GHG,TOTXMEMONIA,I90,SI,2002,89.8,
ESTAT:SDG_13_10(1.0),05/09/24 23:00:00,A,GHG,TOTXMEMONIA,I90,SI,2003,89.7,
ESTAT:SDG_13_10(1.0),05/09/24 23:00:00,A,GHG,TOTXMEMONIA,I90,SI,2004,91.3,
ESTAT:SDG_13_10(1.0),05/09/24 23:00:00,A,GHG,TOTXMEMONIA,I90,SI,2005,92.8,
ESTAT:SDG_13_10(1.0),05/09/24 23:00:00,A,GHG,TOTXMEMONIA,I90,SI,2006,94.2,
ESTAT:SDG_13_10(1.0),05/09/24 23:00:00,A,GHG,TOTXMEMONIA,I90,SI,2007,93.2,
ESTAT:SDG_13_10(1.0),05/09/24 23:00:00,A,GHG,TOTXMEMONIA,I90,SI,2008,100.0,
ESTAT:SDG_13_10(1.0),05/09/24 23:00:00,A,GHG,TOTXMEMONIA,I90,SI,2009,85.3,
ESTAT:SDG_13_10(1.0),05/09/24 23:00:00,A,GHG,TOTXMEMONIA,I90,SI,2010,87.4,
ESTAT:SDG_13_10(1.0),05/09/24 23:00:00,A,GHG,TOTXMEMONIA,I90,SI,2011,87.6,
ESTAT:SDG_13_10(1.0),05/09/24 23:00:00,A,GHG,TOTXMEMONIA,I90,SI,2012,83.7,
ESTAT:SDG_13_10(1.0),05/09/24 23:00:00,A,GHG,TOTXMEMONIA,I90,SI,2013,90.6,
ESTAT:SDG_13_10(1.0),05/09/24 23:00:00,A,GHG,TOTXMEMONIA,I90,SI,2014,119.0,
ESTAT:SDG_13_10(1.0),05/09/24 23:00:00,A,GHG,TOTXMEMONIA,I90,SI,2015,121.0,
ESTAT:SDG_13_10(1.0),05/09/24 23:00:00,A,GHG,TOTXMEMONIA,I90,SI,2016,128.0,
ESTAT:SDG_13_10(1.0),05/09/24 23:00:00,A,GHG,TOTXMEMONIA,I90,SI,2017,128.6,
ESTAT:SDG_13_10(1.0),05/09/24 23:00:00,A,GHG,TOTXMEMONIA,I90,SI,2018,128.2,
ESTAT:SDG_13_10(1.0),05/09/24 23:00:00,A,GHG,TOTXMEMONIA,I90,SI,2019,114.6,
ESTAT:SDG_13_10(1.0),05/09/24 23:00:00,A,GHG,TOTXMEMONIA,I90,SI,2020,107.5,
ESTAT:SDG_13_10(1.0),05/09/24 23:00:00,A,GHG,TOTXMEMONIA,I90,SI,2021,109.0,
ESTAT:SDG_13_10(1.0),05/09/24 23:00:00,A,GHG,TOTXMEMONIA,I90,SI,2022,107.2,
ESTAT:SDG_13_10(1.0),05/09/24 23:00:00,A,GHG,TOTXMEMONIA,I90,SK,1990,100.0,
ESTAT:SDG_13_10(1.0),05/09/24 23:00:00,A,GHG,TOTXMEMONIA,I90,SK,1991,84.4,
ESTAT:SDG_13_10(1.0),05/09/24 23:00:00,A,GHG,TOTXMEMONIA,I90,SK,1992,75.0,
ESTAT:SDG_13_10(1.0),05/09/24 23:00:00,A,GHG,TOTXMEMONIA,I90,SK,1993,69.8,
ESTAT:SDG_13_10(1.0),05/09/24 23:00:00,A,GHG,TOTXMEMONIA,I90,SK,1994,66.7,
ESTAT:SDG_13_10(1.0),05/09/24 23:00:00,A,GHG,TOTXMEMONIA,I90,SK,1995,68.4,
ESTAT:SDG_13_10(1.0),05/09/24 23:00:00,A,GHG,TOTXMEMONIA,I90,SK,1996,68.3,
ESTAT:SDG_13_10(1.0),05/09/24 23:00:00,A,GHG,TOTXMEMONIA,I90,SK,1997,68.3,
ESTAT:SDG_13_10(1.0),05/09/24 23:00:00,A,GHG,TOTXMEMONIA,I90,SK,1998,65.5,
ESTAT:SDG_13_10(1.0),05/09/24 23:00:00,A,GHG,TOTXMEMONIA,I90,SK,1999,64.9,
ESTAT:SDG_13_10(1.0),05/09/24 23:00:00,A,GHG,TOTXMEMONIA,I90,SK,2000,61.9,
ESTAT:SDG_13_10(1.0),05/09/24 23:00:00,A,GHG,TOTXMEMONIA,I90,SK,2001,66.4,
ESTAT:SDG_13_10(1.0),05/09/24 23:00:00,A,GHG,TOTXMEMONIA,I90,SK,2002,63.7,
ESTAT:SDG_13_10(1.0),05/09/24 23:00:00,A,GHG,TOTXMEMONIA,I90,SK,2003,65.0,
ESTAT:SDG_13_10(1.0),05/09/24 23:00:00,A,GHG,TOTXMEMONIA,I90,SK,2004,66.0,
ESTAT:SDG_13_10(1.0),05/09/24 23:00:00,A,GHG,TOTXMEMONIA,I90,SK,2005,72.0,
ESTAT:SDG_13_10(1.0),05/09/24 23:00:00,A,GHG,TOTXMEMONIA,I90,SK,2006,67.3,
ESTAT:SDG_13_10(1.0),05/09/24 23:00:00,A,GHG,TOTXMEMONIA,I90,SK,2007,65.2,
ESTAT:SDG_13_10(1.0),05/09/24 23:00:00,A,GHG,TOTXMEMONIA,I90,SK,2008,67.7,
ESTAT:SDG_13_10(1.0),05/09/24 23:00:00,A,GHG,TOTXMEMONIA,I90,SK,2009,61.4,
ESTAT:SDG_13_10(1.0),05/09/24 23:00:00,A,GHG,TOTXMEMONIA,I90,SK,2010,63.9,
ESTAT:SDG_13_10(1.0),05/09/24 23:00:00,A,GHG,TOTXMEMONIA,I90,SK,2011,61.7,
ESTAT:SDG_13_10(1.0),05/09/24 23:00:00,A,GHG,TOTXMEMONIA,I90,SK,2012,56.3,
ESTAT:SDG_13_10(1.0),05/09/24 23:00:00,A,GHG,TOTXMEMONIA,I90,SK,2013,54.6,
ESTAT:SDG_13_10(1.0),05/09/24 23:00:00,A,GHG,TOTXMEMONIA,I90,SK,2014,54.9,
ESTAT:SDG_13_10(1.0),05/09/24 23:00:00,A,GHG,TOTXMEMONIA,I90,SK,2015,55.3,
ESTAT:SDG_13_10(1.0),05/09/24 23:00:00,A,GHG,TOTXMEMONIA,I90,SK,2016,55.9,
ESTAT:SDG_13_10(1.0),05/09/24 23:00:00,A,GHG,TOTXMEMONIA,I90,SK,2017,57.8,
ESTAT:SDG_13_10(1.0),05/09/24 23:00:00,A,GHG,TOTXMEMONIA,I90,SK,2018,59.1,
ESTAT:SDG_13_10(1.0),05/09/24 23:00:00,A,GHG,TOTXMEMONIA,I90,SK,2019,54.3,
ESTAT:SDG_13_10(1.0),05/09/24 23:00:00,A,GHG,TOTXMEMONIA,I90,SK,2020,46.5,
ESTAT:SDG_13_10(1.0),05/09/24 23:00:00,A,GHG,TOTXMEMONIA,I90,SK,2021,52.7,
ESTAT:SDG_13_10(1.0),05/09/24 23:00:00,A,GHG,TOTXMEMONIA,I90,SK,2022,46.4,
